baseline,workflow_latency,state_materialization_bytes,state_movement_byte_hop,max_link_utilization,region_memory_pressure,critical_path_wait,average_wave_batch_size,wave_count,duplicate_state_materialization_bytes,notes,mesh,region_memory_capacity,shared_state_size,branch_width,input_redundancy_ratio
request_parallel_gpu_like,4.23200640191125,6116,6116,3.225842406126872e-11,0.01166534423828125,0.0,1.25,4,4208,ready requests assigned to worker-local caches,8x8,67108864,200,1,1.6880313930673643
helium_like_operator_schedule,5.412008001911251,6116,6116,2.5224991739599398e-11,0.0,0.0,1.0,5,4208,operator-centric wave with per-wave unique-state reuse,8x8,67108864,200,1,1.6880313930673643
wafer_request_centric,4.232,6116,0,0.0,0.0233306884765625,0.0,1.25,4,4208,wafer backend without state-centric wave formation,8x8,67108864,200,1,1.6880313930673643
WaferStateFlow,5.412,10324,0,0.0,0.0233306884765625,4.0,1.0,5,4208,hot-state-seeded wave scheduling with policy-driven placement,8x8,67108864,200,1,1.6880313930673643
request_parallel_gpu_like,5.4580064042812495,13700,13700,5.602843763405989e-11,0.01596832275390625,0.0,2.25,4,8600,ready requests assigned to worker-local caches,8x8,67108864,200,2,1.7224462365591398
helium_like_operator_schedule,6.02210800372,11904,11904,4.4123135212810474e-11,0.0,0.0,1.8,5,8600,operator-centric wave with per-wave unique-state reuse,8x8,67108864,200,2,1.7224462365591398
wafer_request_centric,5.458011450880001,13700,16162816,6.610047379050009e-08,0.0373992919921875,0.0,2.25,4,8600,wafer backend without state-centric wave formation,8x8,67108864,200,2,1.7224462365591398
WaferStateFlow,10.701999999999998,17944,0,0.0,0.04541015625,4.0,1.0,9,8600,hot-state-seeded wave scheduling with policy-driven placement,8x8,67108864,200,2,1.7224462365591398
request_parallel_gpu_like,12.70600801786,57152,57152,1.0040244614367455e-10,0.03800201416015625,0.0,6.6,5,34532,ready requests assigned to worker-local caches,8x8,67108864,200,8,1.7701846730306003
helium_like_operator_schedule,12.046308014011252,44836,44836,8.307969298680732e-11,0.0,0.0,6.6,5,34532,operator-centric wave with per-wave unique-state reuse,8x8,67108864,200,8,1.7701846730306003
wafer_request_centric,12.706038801920002,57152,98566144,1.7315680969939123e-07,0.140777587890625,0.0,6.6,5,34532,wafer backend without state-centric wave formation,8x8,67108864,200,8,1.7701846730306003
WaferStateFlow,11.474574868160001,65608,37338112,7.263362778804594e-08,0.140777587890625,44.27540844287999,6.6,5,34532,hot-state-seeded wave scheduling with policy-driven placement,8x8,67108864,200,8,1.7701846730306003
request_parallel_gpu_like,7.752006402911249,9316,9316,2.6824852530221694e-11,0.01776885986328125,0.0,1.25,4,9968,ready requests assigned to worker-local caches,8x8,67108864,1000,1,2.0699871189351655
helium_like_operator_schedule,9.89200800291125,9316,9316,2.1021659961276746e-11,0.0,0.0,1.0,5,9968,operator-centric wave with per-wave unique-state reuse,8x8,67108864,1000,1,2.0699871189351655
wafer_request_centric,7.752,9316,0,0.0,0.0355377197265625,0.0,1.25,4,9968,wafer backend without state-centric wave formation,8x8,67108864,1000,1,2.0699871189351655
WaferStateFlow,7.166799999999999,12884,0,0.0,0.0355377197265625,4.0,1.25,4,9968,hot-state-seeded wave scheduling with policy-driven placement,8x8,67108864,1000,1,2.0699871189351655
request_parallel_gpu_like,8.97800640628125,20100,20100,4.997331188935436e-11,0.02207183837890625,0.0,2.25,4,21400,ready requests assigned to worker-local caches,8x8,67108864,1000,2,2.416843220338983
helium_like_operator_schedule,9.97410800472,15104,15104,3.380180533269869e-11,0.0,0.0,1.8,5,21400,operator-centric wave with per-wave unique-state reuse,8x8,67108864,1000,2,2.416843220338983
wafer_request_centric,8.978015854079999,20100,30253056,7.52161100567167e-08,0.0496063232421875,0.0,2.25,4,21400,wafer backend without state-centric wave formation,8x8,67108864,1000,2,2.416843220338983
WaferStateFlow,7.427928841599999,22104,18053120,5.425084665789922e-08,0.0496063232421875,12.83634475776,2.25,4,21400,hot-state-seeded wave scheduling with policy-driven placement,8x8,67108864,1000,2,2.416843220338983
request_parallel_gpu_like,17.18600802586,82752,82752,1.074794597071896e-10,0.04410552978515625,0.0,6.6,5,89572,ready requests assigned to worker-local caches,8x8,67108864,1000,8,2.8646848197185446
helium_like_operator_schedule,15.998308015011252,48036,48036,6.70215963995108e-11,0.0,0.0,6.6,5,89572,operator-centric wave with per-wave unique-state reuse,8x8,67108864,1000,8,2.8646848197185446
wafer_request_centric,17.18606296832,82752,175898624,2.2845887267294132e-07,0.152984619140625,0.0,6.6,5,89572,wafer backend without state-centric wave formation,8x8,67108864,1000,8,2.8646848197185446
WaferStateFlow,14.968982240960003,68808,60931072,9.085912118373563e-08,0.152984619140625,79.60995958528001,6.6,5,89572,hot-state-seeded wave scheduling with policy-driven placement,8x8,67108864,1000,8,2.8646848197185446
request_parallel_gpu_like,20.95200640666125,21316,21316,2.2709212769107385e-11,0.04065704345703125,0.0,1.25,4,31568,ready requests assigned to worker-local caches,8x8,67108864,4000,1,2.48095327453556
helium_like_operator_schedule,26.69200800666125,21316,21316,1.7825694166951773e-11,0.0,0.0,1.0,5,31568,operator-centric wave with per-wave unique-state reuse,8x8,67108864,4000,1,2.48095327453556
wafer_request_centric,20.952,21316,0,0.0,0.0813140869140625,0.0,1.25,4,31568,wafer backend without state-centric wave formation,8x8,67108864,4000,1,2.48095327453556
WaferStateFlow,19.3588,24084,0,0.0,0.0813140869140625,4.0,1.25,4,31568,hot-state-seeded wave scheduling with policy-driven placement,8x8,67108864,4000,1,2.48095327453556
request_parallel_gpu_like,22.178006413781247,44100,44100,4.438518871508292e-11,0.04496002197265625,0.0,2.25,4,69400,ready requests assigned to worker-local caches,8x8,67108864,4000,2,3.560507674144038
helium_like_operator_schedule,24.79410800847,27104,27104,2.4400958477446493e-11,0.0,0.0,1.8,5,69400,operator-centric wave with per-wave unique-state reuse,8x8,67108864,4000,2,3.560507674144038
wafer_request_centric,22.17803236608,44100,83091456,8.362869930863143e-08,0.0953826904296875,0.0,2.25,4,69400,wafer backend without state-centric wave formation,8x8,67108864,4000,2,3.560507674144038
WaferStateFlow,17.93993393408,32504,24109056,2.999724376945811e-08,0.0587615966796875,26.66035357504,2.25,4,69400,hot-state-seeded wave scheduling with policy-driven placement,8x8,67108864,4000,2,3.560507674144038
request_parallel_gpu_like,33.98600805586,178752,178752,1.1740125505301965e-10,0.06699371337890625,0.0,6.6,5,295972,ready requests assigned to worker-local caches,8x8,67108864,4000,8,5.929908721433806
helium_like_operator_schedule,30.81830801876125,60036,60036,4.348354506997854e-11,0.0,0.0,6.6,5,295972,operator-centric wave with per-wave unique-state reuse,8x8,67108864,4000,8,5.929908721433806
wafer_request_centric,33.98615359232,178752,465895424,3.0599083242304415e-07,0.198760986328125,0.0,6.6,5,295972,wafer backend without state-centric wave formation,8x8,67108864,4000,8,5.929908721433806
WaferStateFlow,28.072992760320002,80808,79233024,6.299984831735218e-08,0.137725830078125,197.11394716416004,6.6,5,295972,hot-state-seeded wave scheduling with policy-driven placement,8x8,67108864,4000,8,5.929908721433806
request_parallel_gpu_like,56.15200641666125,53316,53316,2.1194065210841088e-11,0.10169219970703125,0.0,1.25,4,89168,ready requests assigned to worker-local caches,8x8,67108864,12000,1,2.6724435441518493
helium_like_operator_schedule,71.49200801666125,53316,53316,1.664646606984287e-11,0.0,0.0,1.0,5,89168,operator-centric wave with per-wave unique-state reuse,8x8,67108864,12000,1,2.6724435441518493
wafer_request_centric,56.152,53316,0,0.0,0.2033843994140625,0.0,1.25,4,89168,wafer backend without state-centric wave formation,8x8,67108864,12000,1,2.6724435441518493
WaferStateFlow,51.8708,56084,0,0.0,0.2033843994140625,4.0,1.25,4,89168,hot-state-seeded wave scheduling with policy-driven placement,8x8,67108864,12000,1,2.6724435441518493
request_parallel_gpu_like,57.37800643378125,108100,108100,4.205350758144864e-11,0.10599517822265625,0.0,2.25,4,197400,ready requests assigned to worker-local caches,8x8,67108864,12000,2,4.339875473741202
helium_like_operator_schedule,64.31410801847001,59104,59104,2.051316196295276e-11,0.0,0.0,1.8,5,197400,operator-centric wave with per-wave unique-state reuse,8x8,67108864,12000,2,4.339875473741202
wafer_request_centric,57.378076398080005,108100,223993856,8.713890689633095e-08,0.2174530029296875,0.0,2.25,4,197400,wafer backend without state-centric wave formation,8x8,67108864,12000,2,4.339875473741202
WaferStateFlow,45.971964745600005,64504,132945920,6.455114271414476e-08,0.2174530029296875,63.52446302976,2.25,4,197400,hot-state-seeded wave scheduling with policy-driven placement,8x8,67108864,12000,2,4.339875473741202
request_parallel_gpu_like,78.78600813585999,434752,434752,1.2317270469588294e-10,0.12802886962890625,0.0,6.6,5,846372,ready requests assigned to worker-local caches,8x8,67108864,12000,8,10.196097179364596
helium_like_operator_schedule,70.33830802876125,92036,92036,2.920705739978801e-11,0.0,0.0,6.6,5,846372,operator-centric wave with per-wave unique-state reuse,8x8,67108864,12000,8,10.196097179364596
wafer_request_centric,78.78639525632,434752,1239220224,3.510906372133686e-07,0.320831298828125,0.0,6.6,5,846372,wafer backend without state-centric wave formation,8x8,67108864,12000,8,10.196097179364596
WaferStateFlow,63.01708361696001,112808,385334272,1.3649015369947324e-07,0.320831298828125,510.46003779328,6.6,5,846372,hot-state-seeded wave scheduling with policy-driven placement,8x8,67108864,12000,8,10.196097179364596
request_parallel_gpu_like,4.23200640191125,6116,6116,3.225842406126872e-11,0.01166534423828125,0.0,1.25,4,4208,ready requests assigned to worker-local caches,8x8,268435456,200,1,1.6880313930673643
helium_like_operator_schedule,5.412008001911251,6116,6116,2.5224991739599398e-11,0.0,0.0,1.0,5,4208,operator-centric wave with per-wave unique-state reuse,8x8,268435456,200,1,1.6880313930673643
wafer_request_centric,4.232,6116,0,0.0,0.005832672119140625,0.0,1.25,4,4208,wafer backend without state-centric wave formation,8x8,268435456,200,1,1.6880313930673643
WaferStateFlow,5.412,10324,0,0.0,0.005832672119140625,4.0,1.0,5,4208,hot-state-seeded wave scheduling with policy-driven placement,8x8,268435456,200,1,1.6880313930673643
request_parallel_gpu_like,5.4580064042812495,13700,13700,5.602843763405989e-11,0.01596832275390625,0.0,2.25,4,8600,ready requests assigned to worker-local caches,8x8,268435456,200,2,1.7224462365591398
helium_like_operator_schedule,6.02210800372,11904,11904,4.4123135212810474e-11,0.0,0.0,1.8,5,8600,operator-centric wave with per-wave unique-state reuse,8x8,268435456,200,2,1.7224462365591398
wafer_request_centric,5.458011450880001,13700,16162816,6.610047379050009e-08,0.009349822998046875,0.0,2.25,4,8600,wafer backend without state-centric wave formation,8x8,268435456,200,2,1.7224462365591398
WaferStateFlow,10.701999999999998,17944,0,0.0,0.0113525390625,4.0,1.0,9,8600,hot-state-seeded wave scheduling with policy-driven placement,8x8,268435456,200,2,1.7224462365591398
request_parallel_gpu_like,12.70600801786,57152,57152,1.0040244614367455e-10,0.03800201416015625,0.0,6.6,5,34532,ready requests assigned to worker-local caches,8x8,268435456,200,8,1.7701846730306003
helium_like_operator_schedule,12.046308014011252,44836,44836,8.307969298680732e-11,0.0,0.0,6.6,5,34532,operator-centric wave with per-wave unique-state reuse,8x8,268435456,200,8,1.7701846730306003
wafer_request_centric,12.706038801920002,57152,98566144,1.7315680969939123e-07,0.03519439697265625,0.0,6.6,5,34532,wafer backend without state-centric wave formation,8x8,268435456,200,8,1.7701846730306003
WaferStateFlow,11.474574868160001,65608,37338112,7.263362778804594e-08,0.03519439697265625,44.27540844287999,6.6,5,34532,hot-state-seeded wave scheduling with policy-driven placement,8x8,268435456,200,8,1.7701846730306003
request_parallel_gpu_like,7.752006402911249,9316,9316,2.6824852530221694e-11,0.01776885986328125,0.0,1.25,4,9968,ready requests assigned to worker-local caches,8x8,268435456,1000,1,2.0699871189351655
helium_like_operator_schedule,9.89200800291125,9316,9316,2.1021659961276746e-11,0.0,0.0,1.0,5,9968,operator-centric wave with per-wave unique-state reuse,8x8,268435456,1000,1,2.0699871189351655
wafer_request_centric,7.752,9316,0,0.0,0.008884429931640625,0.0,1.25,4,9968,wafer backend without state-centric wave formation,8x8,268435456,1000,1,2.0699871189351655
WaferStateFlow,7.166799999999999,12884,0,0.0,0.008884429931640625,4.0,1.25,4,9968,hot-state-seeded wave scheduling with policy-driven placement,8x8,268435456,1000,1,2.0699871189351655
request_parallel_gpu_like,8.97800640628125,20100,20100,4.997331188935436e-11,0.02207183837890625,0.0,2.25,4,21400,ready requests assigned to worker-local caches,8x8,268435456,1000,2,2.416843220338983
helium_like_operator_schedule,9.97410800472,15104,15104,3.380180533269869e-11,0.0,0.0,1.8,5,21400,operator-centric wave with per-wave unique-state reuse,8x8,268435456,1000,2,2.416843220338983
wafer_request_centric,8.978015854079999,20100,30253056,7.52161100567167e-08,0.012401580810546875,0.0,2.25,4,21400,wafer backend without state-centric wave formation,8x8,268435456,1000,2,2.416843220338983
WaferStateFlow,7.427928841599999,22104,18053120,5.425084665789922e-08,0.012401580810546875,12.83634475776,2.25,4,21400,hot-state-seeded wave scheduling with policy-driven placement,8x8,268435456,1000,2,2.416843220338983
request_parallel_gpu_like,17.18600802586,82752,82752,1.074794597071896e-10,0.04410552978515625,0.0,6.6,5,89572,ready requests assigned to worker-local caches,8x8,268435456,1000,8,2.8646848197185446
helium_like_operator_schedule,15.998308015011252,48036,48036,6.70215963995108e-11,0.0,0.0,6.6,5,89572,operator-centric wave with per-wave unique-state reuse,8x8,268435456,1000,8,2.8646848197185446
wafer_request_centric,17.18606296832,82752,175898624,2.2845887267294132e-07,0.03824615478515625,0.0,6.6,5,89572,wafer backend without state-centric wave formation,8x8,268435456,1000,8,2.8646848197185446
WaferStateFlow,14.968982240960003,68808,60931072,9.085912118373563e-08,0.03824615478515625,79.60995958528001,6.6,5,89572,hot-state-seeded wave scheduling with policy-driven placement,8x8,268435456,1000,8,2.8646848197185446
request_parallel_gpu_like,20.95200640666125,21316,21316,2.2709212769107385e-11,0.04065704345703125,0.0,1.25,4,31568,ready requests assigned to worker-local caches,8x8,268435456,4000,1,2.48095327453556
helium_like_operator_schedule,26.69200800666125,21316,21316,1.7825694166951773e-11,0.0,0.0,1.0,5,31568,operator-centric wave with per-wave unique-state reuse,8x8,268435456,4000,1,2.48095327453556
wafer_request_centric,20.952,21316,0,0.0,0.020328521728515625,0.0,1.25,4,31568,wafer backend without state-centric wave formation,8x8,268435456,4000,1,2.48095327453556
WaferStateFlow,19.3588,24084,0,0.0,0.020328521728515625,4.0,1.25,4,31568,hot-state-seeded wave scheduling with policy-driven placement,8x8,268435456,4000,1,2.48095327453556
request_parallel_gpu_like,22.178006413781247,44100,44100,4.438518871508292e-11,0.04496002197265625,0.0,2.25,4,69400,ready requests assigned to worker-local caches,8x8,268435456,4000,2,3.560507674144038
helium_like_operator_schedule,24.79410800847,27104,27104,2.4400958477446493e-11,0.0,0.0,1.8,5,69400,operator-centric wave with per-wave unique-state reuse,8x8,268435456,4000,2,3.560507674144038
wafer_request_centric,22.17803236608,44100,83091456,8.362869930863143e-08,0.023845672607421875,0.0,2.25,4,69400,wafer backend without state-centric wave formation,8x8,268435456,4000,2,3.560507674144038
WaferStateFlow,17.93993393408,32504,24109056,2.999724376945811e-08,0.014690399169921875,26.66035357504,2.25,4,69400,hot-state-seeded wave scheduling with policy-driven placement,8x8,268435456,4000,2,3.560507674144038
request_parallel_gpu_like,33.98600805586,178752,178752,1.1740125505301965e-10,0.06699371337890625,0.0,6.6,5,295972,ready requests assigned to worker-local caches,8x8,268435456,4000,8,5.929908721433806
helium_like_operator_schedule,30.81830801876125,60036,60036,4.348354506997854e-11,0.0,0.0,6.6,5,295972,operator-centric wave with per-wave unique-state reuse,8x8,268435456,4000,8,5.929908721433806
wafer_request_centric,33.98615359232,178752,465895424,3.0599083242304415e-07,0.04969024658203125,0.0,6.6,5,295972,wafer backend without state-centric wave formation,8x8,268435456,4000,8,5.929908721433806
WaferStateFlow,28.072992760320002,80808,79233024,6.299984831735218e-08,0.03443145751953125,197.11394716416004,6.6,5,295972,hot-state-seeded wave scheduling with policy-driven placement,8x8,268435456,4000,8,5.929908721433806
request_parallel_gpu_like,56.15200641666125,53316,53316,2.1194065210841088e-11,0.10169219970703125,0.0,1.25,4,89168,ready requests assigned to worker-local caches,8x8,268435456,12000,1,2.6724435441518493
helium_like_operator_schedule,71.49200801666125,53316,53316,1.664646606984287e-11,0.0,0.0,1.0,5,89168,operator-centric wave with per-wave unique-state reuse,8x8,268435456,12000,1,2.6724435441518493
wafer_request_centric,56.152,53316,0,0.0,0.050846099853515625,0.0,1.25,4,89168,wafer backend without state-centric wave formation,8x8,268435456,12000,1,2.6724435441518493
WaferStateFlow,51.8708,56084,0,0.0,0.050846099853515625,4.0,1.25,4,89168,hot-state-seeded wave scheduling with policy-driven placement,8x8,268435456,12000,1,2.6724435441518493
request_parallel_gpu_like,57.37800643378125,108100,108100,4.205350758144864e-11,0.10599517822265625,0.0,2.25,4,197400,ready requests assigned to worker-local caches,8x8,268435456,12000,2,4.339875473741202
helium_like_operator_schedule,64.31410801847001,59104,59104,2.051316196295276e-11,0.0,0.0,1.8,5,197400,operator-centric wave with per-wave unique-state reuse,8x8,268435456,12000,2,4.339875473741202
wafer_request_centric,57.378076398080005,108100,223993856,8.713890689633095e-08,0.054363250732421875,0.0,2.25,4,197400,wafer backend without state-centric wave formation,8x8,268435456,12000,2,4.339875473741202
WaferStateFlow,45.971964745600005,64504,132945920,6.455114271414476e-08,0.054363250732421875,63.52446302976,2.25,4,197400,hot-state-seeded wave scheduling with policy-driven placement,8x8,268435456,12000,2,4.339875473741202
request_parallel_gpu_like,78.78600813585999,434752,434752,1.2317270469588294e-10,0.12802886962890625,0.0,6.6,5,846372,ready requests assigned to worker-local caches,8x8,268435456,12000,8,10.196097179364596
helium_like_operator_schedule,70.33830802876125,92036,92036,2.920705739978801e-11,0.0,0.0,6.6,5,846372,operator-centric wave with per-wave unique-state reuse,8x8,268435456,12000,8,10.196097179364596
wafer_request_centric,78.78639525632,434752,1239220224,3.510906372133686e-07,0.08020782470703125,0.0,6.6,5,846372,wafer backend without state-centric wave formation,8x8,268435456,12000,8,10.196097179364596
WaferStateFlow,63.01708361696001,112808,385334272,1.3649015369947324e-07,0.08020782470703125,510.46003779328,6.6,5,846372,hot-state-seeded wave scheduling with policy-driven placement,8x8,268435456,12000,8,10.196097179364596
request_parallel_gpu_like,4.2320128009556255,6116,6116,7.526954233095352e-12,0.01166534423828125,0.0,1.25,4,4208,ready requests assigned to worker-local caches,16x16,67108864,200,1,1.6880313930673643
helium_like_operator_schedule,5.412016000955626,6116,6116,5.885822706555565e-12,0.0,0.0,1.0,5,4208,operator-centric wave with per-wave unique-state reuse,16x16,67108864,200,1,1.6880313930673643
wafer_request_centric,4.232,6116,0,0.0,0.0233306884765625,0.0,1.25,4,4208,wafer backend without state-centric wave formation,16x16,67108864,200,1,1.6880313930673643
WaferStateFlow,5.412,10324,0,0.0,0.0233306884765625,4.0,1.0,5,4208,hot-state-seeded wave scheduling with policy-driven placement,16x16,67108864,200,1,1.6880313930673643
request_parallel_gpu_like,5.458012802140625,13700,13700,1.3073286790144879e-11,0.01596832275390625,0.0,2.25,4,8600,ready requests assigned to worker-local caches,16x16,67108864,200,2,1.7224462365591398
helium_like_operator_schedule,6.022116001860001,11904,11904,1.0295384542717307e-11,0.0,0.0,1.8,5,8600,operator-centric wave with per-wave unique-state reuse,16x16,67108864,200,2,1.7224462365591398
wafer_request_centric,5.45801827008,13700,35008512,3.3406997004670604e-08,0.0373992919921875,0.0,2.25,4,8600,wafer backend without state-centric wave formation,16x16,67108864,200,2,1.7224462365591398
WaferStateFlow,10.701999999999998,17944,0,0.0,0.04541015625,4.0,1.0,9,8600,hot-state-seeded wave scheduling with policy-driven placement,16x16,67108864,200,2,1.7224462365591398
request_parallel_gpu_like,12.706016008930002,57152,57152,2.3427222699661444e-11,0.03800201416015625,0.0,6.6,5,34532,ready requests assigned to worker-local caches,16x16,67108864,200,8,1.7701846730306003
helium_like_operator_schedule,12.046316007005625,44836,44836,1.9385248834376215e-11,0.0,0.0,6.6,5,34532,operator-centric wave with per-wave unique-state reuse,16x16,67108864,200,8,1.7701846730306003
wafer_request_centric,12.70604804608,57152,205094912,8.407040983889737e-08,0.140777587890625,0.0,6.6,5,34532,wafer backend without state-centric wave formation,16x16,67108864,200,8,1.7701846730306003
WaferStateFlow,11.47457863856,65608,78326784,3.5552678041622263e-08,0.140777587890625,44.27545267584,6.6,5,34532,hot-state-seeded wave scheduling with policy-driven placement,16x16,67108864,200,8,1.7701846730306003
request_parallel_gpu_like,7.752012801455624,9316,9316,6.259127090737312e-12,0.01776885986328125,0.0,1.25,4,9968,ready requests assigned to worker-local caches,16x16,67108864,1000,1,2.0699871189351655
helium_like_operator_schedule,9.892016001455625,9316,9316,4.9050500248072205e-12,0.0,0.0,1.0,5,9968,operator-centric wave with per-wave unique-state reuse,16x16,67108864,1000,1,2.0699871189351655
wafer_request_centric,7.752,9316,0,0.0,0.0355377197265625,0.0,1.25,4,9968,wafer backend without state-centric wave formation,16x16,67108864,1000,1,2.0699871189351655
WaferStateFlow,7.166799999999999,12884,0,0.0,0.0355377197265625,4.0,1.25,4,9968,hot-state-seeded wave scheduling with policy-driven placement,16x16,67108864,1000,1,2.0699871189351655
request_parallel_gpu_like,8.978012803140624,20100,20100,1.166043113275345e-11,0.02207183837890625,0.0,2.25,4,21400,ready requests assigned to worker-local caches,16x16,67108864,1000,2,2.416843220338983
helium_like_operator_schedule,9.974116002359999,15104,15104,7.887081586784549e-12,0.0,0.0,1.8,5,21400,operator-centric wave with per-wave unique-state reuse,16x16,67108864,1000,2,2.416843220338983
wafer_request_centric,8.97802303168,20100,65482752,3.798787314273356e-08,0.0496063232421875,0.0,2.25,4,21400,wafer backend without state-centric wave formation,16x16,67108864,1000,2,2.416843220338983
WaferStateFlow,7.42793255136,22104,39368704,2.7604630483052923e-08,0.0496063232421875,12.83635249536,2.25,4,21400,hot-state-seeded wave scheduling with policy-driven placement,16x16,67108864,1000,2,2.416843220338983
request_parallel_gpu_like,17.186016012930004,82752,82752,2.507852894328357e-11,0.04410552978515625,0.0,6.6,5,89572,ready requests assigned to worker-local caches,16x16,67108864,1000,8,2.8646848197185446
helium_like_operator_schedule,15.998316007505625,48036,48036,1.5638364680546647e-11,0.0,0.0,6.6,5,89572,operator-centric wave with per-wave unique-state reuse,16x16,67108864,1000,8,2.8646848197185446
wafer_request_centric,17.186073134080004,82752,365658112,1.1081468806022756e-07,0.152984619140625,0.0,6.6,5,89572,wafer backend without state-centric wave formation,16x16,67108864,1000,8,2.8646848197185446
WaferStateFlow,14.968986318560003,68808,127478784,4.4355174483443e-08,0.152984619140625,79.61000934784,6.6,5,89572,hot-state-seeded wave scheduling with policy-driven placement,16x16,67108864,1000,8,2.8646848197185446
request_parallel_gpu_like,20.952012803330625,21316,21316,5.2988146950580785e-12,0.04065704345703125,0.0,1.25,4,31568,ready requests assigned to worker-local caches,16x16,67108864,4000,1,2.48095327453556
helium_like_operator_schedule,26.69201600333062,21316,21316,4.159327392860853e-12,0.0,0.0,1.0,5,31568,operator-centric wave with per-wave unique-state reuse,16x16,67108864,4000,1,2.48095327453556
wafer_request_centric,20.952,21316,0,0.0,0.0813140869140625,0.0,1.25,4,31568,wafer backend without state-centric wave formation,16x16,67108864,4000,1,2.48095327453556
WaferStateFlow,19.3588,24084,0,0.0,0.0813140869140625,4.0,1.25,4,31568,hot-state-seeded wave scheduling with policy-driven placement,16x16,67108864,4000,1,2.48095327453556
request_parallel_gpu_like,22.178012806890624,44100,44100,1.0356541048106752e-11,0.04496002197265625,0.0,2.25,4,69400,ready requests assigned to worker-local caches,16x16,67108864,4000,2,3.560507674144038
helium_like_operator_schedule,24.794116004235,27104,27104,5.693555141976204e-12,0.0,0.0,1.8,5,69400,operator-centric wave with per-wave unique-state reuse,16x16,67108864,4000,2,3.560507674144038
wafer_request_centric,22.178040887679998,44100,179761152,4.221545107350282e-08,0.0953826904296875,0.0,2.25,4,69400,wafer backend without state-centric wave formation,16x16,67108864,4000,2,3.560507674144038
WaferStateFlow,17.93994091968,32504,51965952,1.5086783240355715e-08,0.0587615966796875,26.660364905279998,2.25,4,69400,hot-state-seeded wave scheduling with policy-driven placement,16x16,67108864,4000,2,3.560507674144038
request_parallel_gpu_like,33.986016027930006,178752,178752,2.739361975333902e-11,0.06699371337890625,0.0,6.6,5,295972,ready requests assigned to worker-local caches,16x16,67108864,4000,8,5.929908721433806
helium_like_operator_schedule,30.818316009380624,60036,60036,1.0146157885616551e-11,0.0,0.0,6.6,5,295972,operator-centric wave with per-wave unique-state reuse,16x16,67108864,4000,8,5.929908721433806
wafer_request_centric,33.98616721408,178752,967770112,1.4830943723613344e-07,0.198760986328125,0.0,6.6,5,295972,wafer backend without state-centric wave formation,16x16,67108864,4000,8,5.929908721433806
WaferStateFlow,28.07300177408,80808,164954112,3.06036385746695e-08,0.137725830078125,197.11403319168,6.6,5,295972,hot-state-seeded wave scheduling with policy-driven placement,16x16,67108864,4000,8,5.929908721433806
request_parallel_gpu_like,56.152012808330625,53316,53316,4.9452813196182115e-12,0.10169219970703125,0.0,1.25,4,89168,ready requests assigned to worker-local caches,16x16,67108864,12000,1,2.6724435441518493
helium_like_operator_schedule,71.49201600833064,53316,53316,3.884174982107685e-12,0.0,0.0,1.0,5,89168,operator-centric wave with per-wave unique-state reuse,16x16,67108864,12000,1,2.6724435441518493
wafer_request_centric,56.152,53316,0,0.0,0.2033843994140625,0.0,1.25,4,89168,wafer backend without state-centric wave formation,16x16,67108864,12000,1,2.6724435441518493
WaferStateFlow,51.8708,56084,0,0.0,0.2033843994140625,4.0,1.25,4,89168,hot-state-seeded wave scheduling with policy-driven placement,16x16,67108864,12000,1,2.6724435441518493
request_parallel_gpu_like,57.37801281689063,108100,108100,9.812484010732318e-12,0.10599517822265625,0.0,2.25,4,197400,ready requests assigned to worker-local caches,16x16,67108864,12000,2,4.339875473741202
helium_like_operator_schedule,64.31411600923501,59104,59104,4.786403863331199e-12,0.0,0.0,1.8,5,197400,operator-centric wave with per-wave unique-state reuse,16x16,67108864,12000,2,4.339875473741202
wafer_request_centric,57.378088503680004,108100,484503552,4.3979436502806394e-08,0.2174530029296875,0.0,2.25,4,197400,wafer backend without state-centric wave formation,16x16,67108864,12000,2,4.339875473741202
WaferStateFlow,45.971971623360005,64504,289429504,3.279053040586465e-08,0.2174530029296875,63.52447921536,2.25,4,197400,hot-state-seeded wave scheduling with policy-driven placement,16x16,67108864,12000,2,4.339875473741202
request_parallel_gpu_like,78.78601606793,434752,434752,2.8740294868838208e-11,0.12802886962890625,0.0,6.6,5,846372,ready requests assigned to worker-local caches,16x16,67108864,12000,8,10.196097179364596
helium_like_operator_schedule,70.33831601438062,92036,92036,6.8149792862351585e-12,0.0,0.0,6.6,5,846372,operator-centric wave with per-wave unique-state reuse,16x16,67108864,12000,8,10.196097179364596
wafer_request_centric,78.78641809408,434752,2573402112,1.7011988010414588e-07,0.320831298828125,0.0,6.6,5,846372,wafer backend without state-centric wave formation,16x16,67108864,12000,8,10.196097179364596
WaferStateFlow,63.01709191856,112808,803318784,6.639392381684513e-08,0.320831298828125,510.46016358784004,6.6,5,846372,hot-state-seeded wave scheduling with policy-driven placement,16x16,67108864,12000,8,10.196097179364596
request_parallel_gpu_like,4.2320128009556255,6116,6116,7.526954233095352e-12,0.01166534423828125,0.0,1.25,4,4208,ready requests assigned to worker-local caches,16x16,268435456,200,1,1.6880313930673643
helium_like_operator_schedule,5.412016000955626,6116,6116,5.885822706555565e-12,0.0,0.0,1.0,5,4208,operator-centric wave with per-wave unique-state reuse,16x16,268435456,200,1,1.6880313930673643
wafer_request_centric,4.232,6116,0,0.0,0.005832672119140625,0.0,1.25,4,4208,wafer backend without state-centric wave formation,16x16,268435456,200,1,1.6880313930673643
WaferStateFlow,5.412,10324,0,0.0,0.005832672119140625,4.0,1.0,5,4208,hot-state-seeded wave scheduling with policy-driven placement,16x16,268435456,200,1,1.6880313930673643
request_parallel_gpu_like,5.458012802140625,13700,13700,1.3073286790144879e-11,0.01596832275390625,0.0,2.25,4,8600,ready requests assigned to worker-local caches,16x16,268435456,200,2,1.7224462365591398
helium_like_operator_schedule,6.022116001860001,11904,11904,1.0295384542717307e-11,0.0,0.0,1.8,5,8600,operator-centric wave with per-wave unique-state reuse,16x16,268435456,200,2,1.7224462365591398
wafer_request_centric,5.45801827008,13700,35008512,3.3406997004670604e-08,0.009349822998046875,0.0,2.25,4,8600,wafer backend without state-centric wave formation,16x16,268435456,200,2,1.7224462365591398
WaferStateFlow,10.701999999999998,17944,0,0.0,0.0113525390625,4.0,1.0,9,8600,hot-state-seeded wave scheduling with policy-driven placement,16x16,268435456,200,2,1.7224462365591398
request_parallel_gpu_like,12.706016008930002,57152,57152,2.3427222699661444e-11,0.03800201416015625,0.0,6.6,5,34532,ready requests assigned to worker-local caches,16x16,268435456,200,8,1.7701846730306003
helium_like_operator_schedule,12.046316007005625,44836,44836,1.9385248834376215e-11,0.0,0.0,6.6,5,34532,operator-centric wave with per-wave unique-state reuse,16x16,268435456,200,8,1.7701846730306003
wafer_request_centric,12.70604804608,57152,205094912,8.407040983889737e-08,0.03519439697265625,0.0,6.6,5,34532,wafer backend without state-centric wave formation,16x16,268435456,200,8,1.7701846730306003
WaferStateFlow,11.47457863856,65608,78326784,3.5552678041622263e-08,0.03519439697265625,44.27545267584,6.6,5,34532,hot-state-seeded wave scheduling with policy-driven placement,16x16,268435456,200,8,1.7701846730306003
request_parallel_gpu_like,7.752012801455624,9316,9316,6.259127090737312e-12,0.01776885986328125,0.0,1.25,4,9968,ready requests assigned to worker-local caches,16x16,268435456,1000,1,2.0699871189351655
helium_like_operator_schedule,9.892016001455625,9316,9316,4.9050500248072205e-12,0.0,0.0,1.0,5,9968,operator-centric wave with per-wave unique-state reuse,16x16,268435456,1000,1,2.0699871189351655
wafer_request_centric,7.752,9316,0,0.0,0.008884429931640625,0.0,1.25,4,9968,wafer backend without state-centric wave formation,16x16,268435456,1000,1,2.0699871189351655
WaferStateFlow,7.166799999999999,12884,0,0.0,0.008884429931640625,4.0,1.25,4,9968,hot-state-seeded wave scheduling with policy-driven placement,16x16,268435456,1000,1,2.0699871189351655
request_parallel_gpu_like,8.978012803140624,20100,20100,1.166043113275345e-11,0.02207183837890625,0.0,2.25,4,21400,ready requests assigned to worker-local caches,16x16,268435456,1000,2,2.416843220338983
helium_like_operator_schedule,9.974116002359999,15104,15104,7.887081586784549e-12,0.0,0.0,1.8,5,21400,operator-centric wave with per-wave unique-state reuse,16x16,268435456,1000,2,2.416843220338983
wafer_request_centric,8.97802303168,20100,65482752,3.798787314273356e-08,0.012401580810546875,0.0,2.25,4,21400,wafer backend without state-centric wave formation,16x16,268435456,1000,2,2.416843220338983
WaferStateFlow,7.42793255136,22104,39368704,2.7604630483052923e-08,0.012401580810546875,12.83635249536,2.25,4,21400,hot-state-seeded wave scheduling with policy-driven placement,16x16,268435456,1000,2,2.416843220338983
request_parallel_gpu_like,17.186016012930004,82752,82752,2.507852894328357e-11,0.04410552978515625,0.0,6.6,5,89572,ready requests assigned to worker-local caches,16x16,268435456,1000,8,2.8646848197185446
helium_like_operator_schedule,15.998316007505625,48036,48036,1.5638364680546647e-11,0.0,0.0,6.6,5,89572,operator-centric wave with per-wave unique-state reuse,16x16,268435456,1000,8,2.8646848197185446
wafer_request_centric,17.186073134080004,82752,365658112,1.1081468806022756e-07,0.03824615478515625,0.0,6.6,5,89572,wafer backend without state-centric wave formation,16x16,268435456,1000,8,2.8646848197185446
WaferStateFlow,14.968986318560003,68808,127478784,4.4355174483443e-08,0.03824615478515625,79.61000934784,6.6,5,89572,hot-state-seeded wave scheduling with policy-driven placement,16x16,268435456,1000,8,2.8646848197185446
request_parallel_gpu_like,20.952012803330625,21316,21316,5.2988146950580785e-12,0.04065704345703125,0.0,1.25,4,31568,ready requests assigned to worker-local caches,16x16,268435456,4000,1,2.48095327453556
helium_like_operator_schedule,26.69201600333062,21316,21316,4.159327392860853e-12,0.0,0.0,1.0,5,31568,operator-centric wave with per-wave unique-state reuse,16x16,268435456,4000,1,2.48095327453556
wafer_request_centric,20.952,21316,0,0.0,0.020328521728515625,0.0,1.25,4,31568,wafer backend without state-centric wave formation,16x16,268435456,4000,1,2.48095327453556
WaferStateFlow,19.3588,24084,0,0.0,0.020328521728515625,4.0,1.25,4,31568,hot-state-seeded wave scheduling with policy-driven placement,16x16,268435456,4000,1,2.48095327453556
request_parallel_gpu_like,22.178012806890624,44100,44100,1.0356541048106752e-11,0.04496002197265625,0.0,2.25,4,69400,ready requests assigned to worker-local caches,16x16,268435456,4000,2,3.560507674144038
helium_like_operator_schedule,24.794116004235,27104,27104,5.693555141976204e-12,0.0,0.0,1.8,5,69400,operator-centric wave with per-wave unique-state reuse,16x16,268435456,4000,2,3.560507674144038
wafer_request_centric,22.178040887679998,44100,179761152,4.221545107350282e-08,0.023845672607421875,0.0,2.25,4,69400,wafer backend without state-centric wave formation,16x16,268435456,4000,2,3.560507674144038
WaferStateFlow,17.93994091968,32504,51965952,1.5086783240355715e-08,0.014690399169921875,26.660364905279998,2.25,4,69400,hot-state-seeded wave scheduling with policy-driven placement,16x16,268435456,4000,2,3.560507674144038
request_parallel_gpu_like,33.986016027930006,178752,178752,2.739361975333902e-11,0.06699371337890625,0.0,6.6,5,295972,ready requests assigned to worker-local caches,16x16,268435456,4000,8,5.929908721433806
helium_like_operator_schedule,30.818316009380624,60036,60036,1.0146157885616551e-11,0.0,0.0,6.6,5,295972,operator-centric wave with per-wave unique-state reuse,16x16,268435456,4000,8,5.929908721433806
wafer_request_centric,33.98616721408,178752,967770112,1.4830943723613344e-07,0.04969024658203125,0.0,6.6,5,295972,wafer backend without state-centric wave formation,16x16,268435456,4000,8,5.929908721433806
WaferStateFlow,28.07300177408,80808,164954112,3.06036385746695e-08,0.03443145751953125,197.11403319168,6.6,5,295972,hot-state-seeded wave scheduling with policy-driven placement,16x16,268435456,4000,8,5.929908721433806
request_parallel_gpu_like,56.152012808330625,53316,53316,4.9452813196182115e-12,0.10169219970703125,0.0,1.25,4,89168,ready requests assigned to worker-local caches,16x16,268435456,12000,1,2.6724435441518493
helium_like_operator_schedule,71.49201600833064,53316,53316,3.884174982107685e-12,0.0,0.0,1.0,5,89168,operator-centric wave with per-wave unique-state reuse,16x16,268435456,12000,1,2.6724435441518493
wafer_request_centric,56.152,53316,0,0.0,0.050846099853515625,0.0,1.25,4,89168,wafer backend without state-centric wave formation,16x16,268435456,12000,1,2.6724435441518493
WaferStateFlow,51.8708,56084,0,0.0,0.050846099853515625,4.0,1.25,4,89168,hot-state-seeded wave scheduling with policy-driven placement,16x16,268435456,12000,1,2.6724435441518493
request_parallel_gpu_like,57.37801281689063,108100,108100,9.812484010732318e-12,0.10599517822265625,0.0,2.25,4,197400,ready requests assigned to worker-local caches,16x16,268435456,12000,2,4.339875473741202
helium_like_operator_schedule,64.31411600923501,59104,59104,4.786403863331199e-12,0.0,0.0,1.8,5,197400,operator-centric wave with per-wave unique-state reuse,16x16,268435456,12000,2,4.339875473741202
wafer_request_centric,57.378088503680004,108100,484503552,4.3979436502806394e-08,0.054363250732421875,0.0,2.25,4,197400,wafer backend without state-centric wave formation,16x16,268435456,12000,2,4.339875473741202
WaferStateFlow,45.971971623360005,64504,289429504,3.279053040586465e-08,0.054363250732421875,63.52447921536,2.25,4,197400,hot-state-seeded wave scheduling with policy-driven placement,16x16,268435456,12000,2,4.339875473741202
request_parallel_gpu_like,78.78601606793,434752,434752,2.8740294868838208e-11,0.12802886962890625,0.0,6.6,5,846372,ready requests assigned to worker-local caches,16x16,268435456,12000,8,10.196097179364596
helium_like_operator_schedule,70.33831601438062,92036,92036,6.8149792862351585e-12,0.0,0.0,6.6,5,846372,operator-centric wave with per-wave unique-state reuse,16x16,268435456,12000,8,10.196097179364596
wafer_request_centric,78.78641809408,434752,2573402112,1.7011988010414588e-07,0.08020782470703125,0.0,6.6,5,846372,wafer backend without state-centric wave formation,16x16,268435456,12000,8,10.196097179364596
WaferStateFlow,63.01709191856,112808,803318784,6.639392381684513e-08,0.08020782470703125,510.46016358784004,6.6,5,846372,hot-state-seeded wave scheduling with policy-driven placement,16x16,268435456,12000,8,10.196097179364596
request_parallel_gpu_like,4.2320256004778125,6116,6116,1.821031806834141e-12,0.01166534423828125,0.0,1.25,4,4208,ready requests assigned to worker-local caches,32x32,67108864,200,1,1.6880313930673643
helium_like_operator_schedule,5.412032000477812,6116,6116,1.4239851547673875e-12,0.0,0.0,1.0,5,4208,operator-centric wave with per-wave unique-state reuse,32x32,67108864,200,1,1.6880313930673643
wafer_request_centric,4.232,6116,0,0.0,0.0233306884765625,0.0,1.25,4,4208,wafer backend without state-centric wave formation,32x32,67108864,200,1,1.6880313930673643
WaferStateFlow,5.412,10324,0,0.0,0.0233306884765625,4.0,1.0,5,4208,hot-state-seeded wave scheduling with policy-driven placement,32x32,67108864,200,1,1.6880313930673643
request_parallel_gpu_like,5.458025601070313,13700,13700,3.1628845484573035e-12,0.01596832275390625,0.0,2.25,4,8600,ready requests assigned to worker-local caches,32x32,67108864,200,2,1.7224462365591398
helium_like_operator_schedule,6.02213200093,11904,11904,2.490812223591835e-12,0.0,0.0,1.8,5,8600,operator-centric wave with per-wave unique-state reuse,32x32,67108864,200,2,1.7224462365591398
wafer_request_centric,5.45803127968,13700,72699904,1.6784026554874335e-08,0.0373992919921875,0.0,2.25,4,8600,wafer backend without state-centric wave formation,32x32,67108864,200,2,1.7224462365591398
WaferStateFlow,10.701999999999998,17944,0,0.0,0.04541015625,4.0,1.0,9,8600,hot-state-seeded wave scheduling with policy-driven placement,32x32,67108864,200,2,1.7224462365591398
request_parallel_gpu_like,12.706032004465001,57152,57152,5.667869324345398e-12,0.03800201416015625,0.0,6.6,5,34532,ready requests assigned to worker-local caches,32x32,67108864,200,8,1.7701846730306003
helium_like_operator_schedule,12.046332003502814,44836,44836,4.6899733288127464e-12,0.0,0.0,6.6,5,34532,operator-centric wave with per-wave unique-state reuse,32x32,67108864,200,8,1.7701846730306003
wafer_request_centric,12.70606485256,57152,420512768,4.1702919522974146e-08,0.140777587890625,0.0,6.6,5,34532,wafer backend without state-centric wave formation,32x32,67108864,200,8,1.7701846730306003
WaferStateFlow,11.47458525328,65608,159401984,1.750471589213163e-08,0.140777587890625,44.27553462912,6.6,5,34532,hot-state-seeded wave scheduling with policy-driven placement,32x32,67108864,200,8,1.7701846730306003
request_parallel_gpu_like,7.752025600727812,9316,9316,1.5143024410575284e-12,0.01776885986328125,0.0,1.25,4,9968,ready requests assigned to worker-local caches,32x32,67108864,1000,1,2.0699871189351655
helium_like_operator_schedule,9.892032000727813,9316,9316,1.186703731797358e-12,0.0,0.0,1.0,5,9968,operator-centric wave with per-wave unique-state reuse,32x32,67108864,1000,1,2.0699871189351655
wafer_request_centric,7.752,9316,0,0.0,0.0355377197265625,0.0,1.25,4,9968,wafer backend without state-centric wave formation,32x32,67108864,1000,1,2.0699871189351655
WaferStateFlow,7.166799999999999,12884,0,0.0,0.0355377197265625,4.0,1.25,4,9968,hot-state-seeded wave scheduling with policy-driven placement,32x32,67108864,1000,1,2.0699871189351655
request_parallel_gpu_like,8.978025601570312,20100,20100,2.821068026728725e-12,0.02207183837890625,0.0,2.25,4,21400,ready requests assigned to worker-local caches,32x32,67108864,1000,2,2.416843220338983
helium_like_operator_schedule,9.97413200118,15104,15104,1.9081618392722798e-12,0.0,0.0,1.8,5,21400,operator-centric wave with per-wave unique-state reuse,32x32,67108864,1000,2,2.416843220338983
wafer_request_centric,8.97803622048,20100,135942144,1.9079680712957823e-08,0.0496063232421875,0.0,2.25,4,21400,wafer backend without state-centric wave formation,32x32,67108864,1000,2,2.416843220338983
WaferStateFlow,7.42793920624,22104,81999872,1.391051390486632e-08,0.0496063232421875,12.836365964159999,2.25,4,21400,hot-state-seeded wave scheduling with policy-driven placement,32x32,67108864,1000,2,2.416843220338983
request_parallel_gpu_like,17.186032006465002,82752,82752,6.067380388280522e-12,0.04410552978515625,0.0,6.6,5,89572,ready requests assigned to worker-local caches,32x32,67108864,1000,8,2.8646848197185446
helium_like_operator_schedule,15.998332003752815,48036,48036,3.78347154295642e-12,0.0,0.0,6.6,5,89572,operator-centric wave with per-wave unique-state reuse,32x32,67108864,1000,8,2.8646848197185446
wafer_request_centric,17.186090644560004,82752,750650368,5.5037531196741586e-08,0.152984619140625,0.0,6.6,5,89572,wafer backend without state-centric wave formation,32x32,67108864,1000,8,2.8646848197185446
WaferStateFlow,14.968993125280003,68808,260163584,2.1900410670945603e-08,0.152984619140625,79.61009590912,6.6,5,89572,hot-state-seeded wave scheduling with policy-driven placement,32x32,67108864,1000,8,2.8646848197185446
request_parallel_gpu_like,20.952025601665312,21316,21316,1.2819705141121622e-12,0.04065704345703125,0.0,1.25,4,31568,ready requests assigned to worker-local caches,32x32,67108864,4000,1,2.48095327453556
helium_like_operator_schedule,26.692032001665314,21316,21316,1.0062882822327758e-12,0.0,0.0,1.0,5,31568,operator-centric wave with per-wave unique-state reuse,32x32,67108864,4000,1,2.48095327453556
wafer_request_centric,20.952,21316,0,0.0,0.0813140869140625,0.0,1.25,4,31568,wafer backend without state-centric wave formation,32x32,67108864,4000,1,2.48095327453556
WaferStateFlow,19.3588,24084,0,0.0,0.0813140869140625,4.0,1.25,4,31568,hot-state-seeded wave scheduling with policy-driven placement,32x32,67108864,4000,1,2.48095327453556
request_parallel_gpu_like,22.178025603445313,44100,44100,2.505613323982288e-12,0.04496002197265625,0.0,2.25,4,69400,ready requests assigned to worker-local caches,32x32,67108864,4000,2,3.560507674144038
helium_like_operator_schedule,24.7941320021175,27104,27104,1.3774721294350945e-12,0.0,0.0,1.8,5,69400,operator-centric wave with per-wave unique-state reuse,32x32,67108864,4000,2,3.560507674144038
wafer_request_centric,22.178054748479997,44100,373100544,2.1198287204416335e-08,0.0953826904296875,0.0,2.25,4,69400,wafer backend without state-centric wave formation,32x32,67108864,4000,2,3.560507674144038
WaferStateFlow,17.939954012479998,32504,107679744,7.5632948220454e-09,0.0587615966796875,26.6603849704,2.25,4,69400,hot-state-seeded wave scheduling with policy-driven placement,32x32,67108864,4000,2,3.560507674144038
request_parallel_gpu_like,33.986032013965,178752,178752,6.627485532624642e-12,0.06699371337890625,0.0,6.6,5,295972,ready requests assigned to worker-local caches,32x32,67108864,4000,8,5.929908721433806
helium_like_operator_schedule,30.818332004690316,60036,60036,2.454714343443047e-12,0.0,0.0,6.6,5,295972,operator-centric wave with per-wave unique-state reuse,32x32,67108864,4000,8,5.929908721433806
wafer_request_centric,33.98618736456,178752,1988666368,7.373230698460376e-08,0.198760986328125,0.0,6.6,5,295972,wafer backend without state-centric wave formation,32x32,67108864,4000,8,5.929908721433806
WaferStateFlow,28.073018404560003,80808,337978368,1.517043852793623e-08,0.137725830078125,197.11419504320003,6.6,5,295972,hot-state-seeded wave scheduling with policy-driven placement,32x32,67108864,4000,8,5.929908721433806
request_parallel_gpu_like,56.152025604165324,53316,53316,1.1964387562972581e-12,0.10169219970703125,0.0,1.25,4,89168,ready requests assigned to worker-local caches,32x32,67108864,12000,1,2.6724435441518493
helium_like_operator_schedule,71.49203200416531,53316,53316,9.39719543480106e-13,0.0,0.0,1.0,5,89168,operator-centric wave with per-wave unique-state reuse,32x32,67108864,12000,1,2.6724435441518493
wafer_request_centric,56.152,53316,0,0.0,0.2033843994140625,0.0,1.25,4,89168,wafer backend without state-centric wave formation,32x32,67108864,12000,1,2.6724435441518493
WaferStateFlow,51.8708,56084,0,0.0,0.2033843994140625,4.0,1.25,4,89168,hot-state-seeded wave scheduling with policy-driven placement,32x32,67108864,12000,1,2.6724435441518493
request_parallel_gpu_like,57.37802560844531,108100,108100,2.3739875378682673e-12,0.10599517822265625,0.0,2.25,4,197400,ready requests assigned to worker-local caches,32x32,67108864,12000,2,4.339875473741202
helium_like_operator_schedule,64.3141320046175,59104,59104,1.1580006466738263e-12,0.0,0.0,1.8,5,197400,operator-centric wave with per-wave unique-state reuse,32x32,67108864,12000,2,4.339875473741202
wafer_request_centric,57.378104156480006,108100,1005522944,2.2082291121793827e-08,0.2174530029296875,0.0,2.25,4,197400,wafer backend without state-centric wave formation,32x32,67108864,12000,2,4.339875473741202
WaferStateFlow,45.971979862240005,64504,602396672,1.6511544409690523e-08,0.2174530029296875,63.52449690816,2.25,4,197400,hot-state-seeded wave scheduling with policy-driven placement,32x32,67108864,12000,2,4.339875473741202
request_parallel_gpu_like,78.786032033965,434752,434752,6.9532957365969714e-12,0.12802886962890625,0.0,6.6,5,846372,ready requests assigned to worker-local caches,32x32,67108864,12000,8,10.196097179364596
helium_like_operator_schedule,70.33833200719032,92036,92036,1.6487849363020044e-12,0.0,0.0,6.6,5,846372,operator-centric wave with per-wave unique-state reuse,32x32,67108864,12000,8,10.196097179364596
wafer_request_centric,78.78644528456,434752,5290042368,8.46069393780142e-08,0.320831298828125,0.0,6.6,5,846372,wafer backend without state-centric wave formation,32x32,67108864,12000,8,10.196097179364596
WaferStateFlow,63.01710136528,112808,1645635584,3.2905885917653284e-08,0.320831298828125,510.46031350912006,6.6,5,846372,hot-state-seeded wave scheduling with policy-driven placement,32x32,67108864,12000,8,10.196097179364596
request_parallel_gpu_like,4.2320256004778125,6116,6116,1.821031806834141e-12,0.01166534423828125,0.0,1.25,4,4208,ready requests assigned to worker-local caches,32x32,268435456,200,1,1.6880313930673643
helium_like_operator_schedule,5.412032000477812,6116,6116,1.4239851547673875e-12,0.0,0.0,1.0,5,4208,operator-centric wave with per-wave unique-state reuse,32x32,268435456,200,1,1.6880313930673643
wafer_request_centric,4.232,6116,0,0.0,0.005832672119140625,0.0,1.25,4,4208,wafer backend without state-centric wave formation,32x32,268435456,200,1,1.6880313930673643
WaferStateFlow,5.412,10324,0,0.0,0.005832672119140625,4.0,1.0,5,4208,hot-state-seeded wave scheduling with policy-driven placement,32x32,268435456,200,1,1.6880313930673643
request_parallel_gpu_like,5.458025601070313,13700,13700,3.1628845484573035e-12,0.01596832275390625,0.0,2.25,4,8600,ready requests assigned to worker-local caches,32x32,268435456,200,2,1.7224462365591398
helium_like_operator_schedule,6.02213200093,11904,11904,2.490812223591835e-12,0.0,0.0,1.8,5,8600,operator-centric wave with per-wave unique-state reuse,32x32,268435456,200,2,1.7224462365591398
wafer_request_centric,5.45803127968,13700,72699904,1.6784026554874335e-08,0.009349822998046875,0.0,2.25,4,8600,wafer backend without state-centric wave formation,32x32,268435456,200,2,1.7224462365591398
WaferStateFlow,10.701999999999998,17944,0,0.0,0.0113525390625,4.0,1.0,9,8600,hot-state-seeded wave scheduling with policy-driven placement,32x32,268435456,200,2,1.7224462365591398
request_parallel_gpu_like,12.706032004465001,57152,57152,5.667869324345398e-12,0.03800201416015625,0.0,6.6,5,34532,ready requests assigned to worker-local caches,32x32,268435456,200,8,1.7701846730306003
helium_like_operator_schedule,12.046332003502814,44836,44836,4.6899733288127464e-12,0.0,0.0,6.6,5,34532,operator-centric wave with per-wave unique-state reuse,32x32,268435456,200,8,1.7701846730306003
wafer_request_centric,12.70606485256,57152,420512768,4.1702919522974146e-08,0.03519439697265625,0.0,6.6,5,34532,wafer backend without state-centric wave formation,32x32,268435456,200,8,1.7701846730306003
WaferStateFlow,11.47458525328,65608,159401984,1.750471589213163e-08,0.03519439697265625,44.27553462912,6.6,5,34532,hot-state-seeded wave scheduling with policy-driven placement,32x32,268435456,200,8,1.7701846730306003
request_parallel_gpu_like,7.752025600727812,9316,9316,1.5143024410575284e-12,0.01776885986328125,0.0,1.25,4,9968,ready requests assigned to worker-local caches,32x32,268435456,1000,1,2.0699871189351655
helium_like_operator_schedule,9.892032000727813,9316,9316,1.186703731797358e-12,0.0,0.0,1.0,5,9968,operator-centric wave with per-wave unique-state reuse,32x32,268435456,1000,1,2.0699871189351655
wafer_request_centric,7.752,9316,0,0.0,0.008884429931640625,0.0,1.25,4,9968,wafer backend without state-centric wave formation,32x32,268435456,1000,1,2.0699871189351655
WaferStateFlow,7.166799999999999,12884,0,0.0,0.008884429931640625,4.0,1.25,4,9968,hot-state-seeded wave scheduling with policy-driven placement,32x32,268435456,1000,1,2.0699871189351655
request_parallel_gpu_like,8.978025601570312,20100,20100,2.821068026728725e-12,0.02207183837890625,0.0,2.25,4,21400,ready requests assigned to worker-local caches,32x32,268435456,1000,2,2.416843220338983
helium_like_operator_schedule,9.97413200118,15104,15104,1.9081618392722798e-12,0.0,0.0,1.8,5,21400,operator-centric wave with per-wave unique-state reuse,32x32,268435456,1000,2,2.416843220338983
wafer_request_centric,8.97803622048,20100,135942144,1.9079680712957823e-08,0.012401580810546875,0.0,2.25,4,21400,wafer backend without state-centric wave formation,32x32,268435456,1000,2,2.416843220338983
WaferStateFlow,7.42793920624,22104,81999872,1.391051390486632e-08,0.012401580810546875,12.836365964159999,2.25,4,21400,hot-state-seeded wave scheduling with policy-driven placement,32x32,268435456,1000,2,2.416843220338983
request_parallel_gpu_like,17.186032006465002,82752,82752,6.067380388280522e-12,0.04410552978515625,0.0,6.6,5,89572,ready requests assigned to worker-local caches,32x32,268435456,1000,8,2.8646848197185446
helium_like_operator_schedule,15.998332003752815,48036,48036,3.78347154295642e-12,0.0,0.0,6.6,5,89572,operator-centric wave with per-wave unique-state reuse,32x32,268435456,1000,8,2.8646848197185446
wafer_request_centric,17.186090644560004,82752,750650368,5.5037531196741586e-08,0.03824615478515625,0.0,6.6,5,89572,wafer backend without state-centric wave formation,32x32,268435456,1000,8,2.8646848197185446
WaferStateFlow,14.968993125280003,68808,260163584,2.1900410670945603e-08,0.03824615478515625,79.61009590912,6.6,5,89572,hot-state-seeded wave scheduling with policy-driven placement,32x32,268435456,1000,8,2.8646848197185446
request_parallel_gpu_like,20.952025601665312,21316,21316,1.2819705141121622e-12,0.04065704345703125,0.0,1.25,4,31568,ready requests assigned to worker-local caches,32x32,268435456,4000,1,2.48095327453556
helium_like_operator_schedule,26.692032001665314,21316,21316,1.0062882822327758e-12,0.0,0.0,1.0,5,31568,operator-centric wave with per-wave unique-state reuse,32x32,268435456,4000,1,2.48095327453556
wafer_request_centric,20.952,21316,0,0.0,0.020328521728515625,0.0,1.25,4,31568,wafer backend without state-centric wave formation,32x32,268435456,4000,1,2.48095327453556
WaferStateFlow,19.3588,24084,0,0.0,0.020328521728515625,4.0,1.25,4,31568,hot-state-seeded wave scheduling with policy-driven placement,32x32,268435456,4000,1,2.48095327453556
request_parallel_gpu_like,22.178025603445313,44100,44100,2.505613323982288e-12,0.04496002197265625,0.0,2.25,4,69400,ready requests assigned to worker-local caches,32x32,268435456,4000,2,3.560507674144038
helium_like_operator_schedule,24.7941320021175,27104,27104,1.3774721294350945e-12,0.0,0.0,1.8,5,69400,operator-centric wave with per-wave unique-state reuse,32x32,268435456,4000,2,3.560507674144038
wafer_request_centric,22.178054748479997,44100,373100544,2.1198287204416335e-08,0.023845672607421875,0.0,2.25,4,69400,wafer backend without state-centric wave formation,32x32,268435456,4000,2,3.560507674144038
WaferStateFlow,17.939954012479998,32504,107679744,7.5632948220454e-09,0.014690399169921875,26.6603849704,2.25,4,69400,hot-state-seeded wave scheduling with policy-driven placement,32x32,268435456,4000,2,3.560507674144038
request_parallel_gpu_like,33.986032013965,178752,178752,6.627485532624642e-12,0.06699371337890625,0.0,6.6,5,295972,ready requests assigned to worker-local caches,32x32,268435456,4000,8,5.929908721433806
helium_like_operator_schedule,30.818332004690316,60036,60036,2.454714343443047e-12,0.0,0.0,6.6,5,295972,operator-centric wave with per-wave unique-state reuse,32x32,268435456,4000,8,5.929908721433806
wafer_request_centric,33.98618736456,178752,1988666368,7.373230698460376e-08,0.04969024658203125,0.0,6.6,5,295972,wafer backend without state-centric wave formation,32x32,268435456,4000,8,5.929908721433806
WaferStateFlow,28.073018404560003,80808,337978368,1.517043852793623e-08,0.03443145751953125,197.11419504320003,6.6,5,295972,hot-state-seeded wave scheduling with policy-driven placement,32x32,268435456,4000,8,5.929908721433806
request_parallel_gpu_like,56.152025604165324,53316,53316,1.1964387562972581e-12,0.10169219970703125,0.0,1.25,4,89168,ready requests assigned to worker-local caches,32x32,268435456,12000,1,2.6724435441518493
helium_like_operator_schedule,71.49203200416531,53316,53316,9.39719543480106e-13,0.0,0.0,1.0,5,89168,operator-centric wave with per-wave unique-state reuse,32x32,268435456,12000,1,2.6724435441518493
wafer_request_centric,56.152,53316,0,0.0,0.050846099853515625,0.0,1.25,4,89168,wafer backend without state-centric wave formation,32x32,268435456,12000,1,2.6724435441518493
WaferStateFlow,51.8708,56084,0,0.0,0.050846099853515625,4.0,1.25,4,89168,hot-state-seeded wave scheduling with policy-driven placement,32x32,268435456,12000,1,2.6724435441518493
request_parallel_gpu_like,57.37802560844531,108100,108100,2.3739875378682673e-12,0.10599517822265625,0.0,2.25,4,197400,ready requests assigned to worker-local caches,32x32,268435456,12000,2,4.339875473741202
helium_like_operator_schedule,64.3141320046175,59104,59104,1.1580006466738263e-12,0.0,0.0,1.8,5,197400,operator-centric wave with per-wave unique-state reuse,32x32,268435456,12000,2,4.339875473741202
wafer_request_centric,57.378104156480006,108100,1005522944,2.2082291121793827e-08,0.054363250732421875,0.0,2.25,4,197400,wafer backend without state-centric wave formation,32x32,268435456,12000,2,4.339875473741202
WaferStateFlow,45.971979862240005,64504,602396672,1.6511544409690523e-08,0.054363250732421875,63.52449690816,2.25,4,197400,hot-state-seeded wave scheduling with policy-driven placement,32x32,268435456,12000,2,4.339875473741202
request_parallel_gpu_like,78.786032033965,434752,434752,6.9532957365969714e-12,0.12802886962890625,0.0,6.6,5,846372,ready requests assigned to worker-local caches,32x32,268435456,12000,8,10.196097179364596
helium_like_operator_schedule,70.33833200719032,92036,92036,1.6487849363020044e-12,0.0,0.0,6.6,5,846372,operator-centric wave with per-wave unique-state reuse,32x32,268435456,12000,8,10.196097179364596
wafer_request_centric,78.78644528456,434752,5290042368,8.46069393780142e-08,0.08020782470703125,0.0,6.6,5,846372,wafer backend without state-centric wave formation,32x32,268435456,12000,8,10.196097179364596
WaferStateFlow,63.01710136528,112808,1645635584,3.2905885917653284e-08,0.08020782470703125,510.46031350912006,6.6,5,846372,hot-state-seeded wave scheduling with policy-driven placement,32x32,268435456,12000,8,10.196097179364596
