config_id,split,reuse_group_size,shared_prefix_tokens,private_suffix_tokens,decode_tokens,num_agents_per_job,arrival_rate_jobs_per_s,fanin,cross_job_shared_prefix_reuse_rate,intra_job_shared_prefix_reuse_rate,baseline,jct_p99_ms,mesh_total_traffic_bytes
0,train,67,1284,2812,784,4,32.0,False,1.0,1.0,apc_like,7946.878651882948,15833329827840.0
0,train,67,1284,2812,784,4,32.0,False,1.0,1.0,apc_like_global_orchestrator,33.555950872605074,0.0
0,train,67,1284,2812,784,4,32.0,False,1.0,1.0,pat_like_traffic_only,2488.3363599269123,151736077516.0
0,train,67,1284,2812,784,4,32.0,False,1.0,1.0,pat_like_global_orchestrator,33.717687728636456,0.0
0,train,67,1284,2812,784,4,32.0,False,1.0,1.0,waferagent_adaptive,33.55568518897561,0.0
1,train,38,31736,920,40,2,16.0,False,1.0,1.0,apc_like,3513.309197506023,3483411415040.0
1,train,38,31736,920,40,2,16.0,False,1.0,1.0,apc_like_global_orchestrator,66.98958324966634,0.0
1,train,38,31736,920,40,2,16.0,False,1.0,1.0,pat_like_traffic_only,3513.509197506023,3483411415040.0
1,train,38,31736,920,40,2,16.0,False,1.0,1.0,pat_like_global_orchestrator,67.15366260851229,0.0
1,train,38,31736,920,40,2,16.0,False,1.0,1.0,waferagent_adaptive,66.9916626085123,0.0
2,train,76,302,108,442,2,4.0,False,1.0,1.0,apc_like,371.78659390424644,349920296960.0
2,train,76,302,108,442,2,4.0,False,1.0,1.0,apc_like_global_orchestrator,22.72349982904633,0.0
2,train,76,302,108,442,2,4.0,False,1.0,1.0,pat_like_traffic_only,371.98659390424655,349920296960.0
2,train,76,302,108,442,2,4.0,False,1.0,1.0,pat_like_global_orchestrator,22.92349982904634,0.0
2,train,76,302,108,442,2,4.0,False,1.0,1.0,waferagent_adaptive,22.72349982904633,0.0
3,train,22,32100,1857,799,16,32.0,True,1.0,1.0,apc_like,2089250.0757674319,9165310779873280.0
3,train,22,32100,1857,799,16,32.0,True,1.0,1.0,apc_like_global_orchestrator,2830194.0226542726,471743937199360.0
3,train,22,32100,1857,799,16,32.0,True,1.0,1.0,pat_like_traffic_only,2219954.75904765,8848636609976228.0
3,train,22,32100,1857,799,16,32.0,True,1.0,1.0,pat_like_global_orchestrator,2830194.0771611044,471743937199360.0
3,train,22,32100,1857,799,16,32.0,True,1.0,1.0,waferagent_adaptive,1485505.3991342743,337275075247360.0
4,train,36,20885,186,989,16,16.0,True,1.0,1.0,apc_like,1681700.8992867952,7377360701818880.0
4,train,36,20885,186,989,16,16.0,True,1.0,1.0,apc_like_global_orchestrator,2386284.213070664,379717094946560.0
4,train,36,20885,186,989,16,16.0,True,1.0,1.0,pat_like_traffic_only,1798260.9189207137,7058302227351552.0
4,train,36,20885,186,989,16,16.0,True,1.0,1.0,pat_like_global_orchestrator,2386284.270833345,379717094946560.0
4,train,36,20885,186,989,16,16.0,True,1.0,1.0,waferagent_adaptive,1898867.1182605335,320155903276800.0
5,train,94,35341,911,384,8,16.0,True,1.0,1.0,apc_like,536333.1338452285,1286998808002560.0
5,train,94,35341,911,384,8,16.0,True,1.0,1.0,apc_like_global_orchestrator,714776.1380887722,71499933777920.0
5,train,94,35341,911,384,8,16.0,True,1.0,1.0,pat_like_traffic_only,578011.0178280574,1255425626800121.0
5,train,94,35341,911,384,8,16.0,True,1.0,1.0,pat_like_global_orchestrator,714776.1667610515,71499933777920.0
5,train,94,35341,911,384,8,16.0,True,1.0,1.0,waferagent_adaptive,3254.312206765434,349102899200.0
6,train,115,5533,1439,31,16,16.0,False,1.0,1.0,apc_like,7034.994385470855,56149042790400.0
6,train,115,5533,1439,31,16,16.0,False,1.0,1.0,apc_like_global_orchestrator,18700.122984304096,3275360829440.0
6,train,115,5533,1439,31,16,16.0,False,1.0,1.0,pat_like_traffic_only,8047.054678319704,51820160135738.0
6,train,115,5533,1439,31,16,16.0,False,1.0,1.0,pat_like_global_orchestrator,18700.12298430409,3275360829440.0
6,train,115,5533,1439,31,16,16.0,False,1.0,1.0,waferagent_adaptive,7034.994385470855,56149042790400.0
7,train,76,787,563,55,16,4.0,True,1.0,1.0,apc_like,3608.5980671203893,15654609623040.0
7,train,76,787,563,55,16,4.0,True,1.0,1.0,apc_like_global_orchestrator,5049.92301948127,794283705600.0
7,train,76,787,563,55,16,4.0,True,1.0,1.0,pat_like_traffic_only,3610.798067120389,15654609623040.0
7,train,76,787,563,55,16,4.0,True,1.0,1.0,pat_like_global_orchestrator,5052.12301948127,794283705600.0
7,train,76,787,563,55,16,4.0,True,1.0,1.0,waferagent_adaptive,3608.5980671203893,15654609623040.0
8,train,102,35466,706,231,32,2.0,False,1.0,1.0,apc_like,671245.5280754634,1.073926130106368e+16
8,train,102,35466,706,231,32,2.0,False,1.0,1.0,apc_like_global_orchestrator,2716320.0148400445,952676405739520.0
8,train,102,35466,706,231,32,2.0,False,1.0,1.0,pat_like_traffic_only,671245.7280754633,1.0708012950015176e+16
8,train,102,35466,706,231,32,2.0,False,1.0,1.0,pat_like_global_orchestrator,2716320.014840044,952676405739520.0
8,train,102,35466,706,231,32,2.0,False,1.0,1.0,waferagent_adaptive,671245.5280754634,1.073926130106368e+16
9,train,94,530,383,339,16,8.0,False,1.0,1.0,apc_like,7105.898556884521,56647116390400.0
9,train,94,530,383,339,16,8.0,False,1.0,1.0,apc_like_global_orchestrator,17951.51743777716,3296958873600.0
9,train,94,530,383,339,16,8.0,False,1.0,1.0,pat_like_traffic_only,7106.098556884521,56647116390400.0
9,train,94,530,383,339,16,8.0,False,1.0,1.0,pat_like_global_orchestrator,17951.71743777716,3296958873600.0
9,train,94,530,383,339,16,8.0,False,1.0,1.0,waferagent_adaptive,21.738469268517935,0.0
10,train,109,45193,77,32,16,32.0,True,1.0,1.0,apc_like,124596.1533081272,546348408832000.0
10,train,109,45193,77,32,16,32.0,True,1.0,1.0,apc_like_global_orchestrator,168296.5067512387,28120873984000.0
10,train,109,45193,77,32,16,32.0,True,1.0,1.0,pat_like_traffic_only,131966.93971104827,536842316821268.0
10,train,109,45193,77,32,16,32.0,True,1.0,1.0,pat_like_global_orchestrator,168296.5936822248,28120873984000.0
10,train,109,45193,77,32,16,32.0,True,1.0,1.0,waferagent_adaptive,92475.23048243849,20538746757120.0
11,train,41,14923,1368,54,8,2.0,True,1.0,1.0,apc_like,32753.57149976728,78478868413440.0
11,train,41,14923,1368,54,8,2.0,True,1.0,1.0,apc_like_global_orchestrator,40976.45582263332,4359937134080.0
11,train,41,14923,1368,54,8,2.0,True,1.0,1.0,pat_like_traffic_only,32755.771499767277,78478868413440.0
11,train,41,14923,1368,54,8,2.0,True,1.0,1.0,pat_like_global_orchestrator,40976.464332318064,4359937134080.0
11,train,41,14923,1368,54,8,2.0,True,1.0,1.0,waferagent_adaptive,180.2100860313331,135004229120.0
12,train,36,37942,1196,51,16,2.0,False,1.0,1.0,apc_like,78944.10616019036,631294132224000.0
12,train,36,37942,1196,51,16,2.0,False,1.0,1.0,apc_like_global_orchestrator,211972.5882816443,36825491046400.0
12,train,36,37942,1196,51,16,2.0,False,1.0,1.0,pat_like_traffic_only,78944.30616019036,631294132224000.0
12,train,36,37942,1196,51,16,2.0,False,1.0,1.0,pat_like_global_orchestrator,211972.58828164436,36825491046400.0
12,train,36,37942,1196,51,16,2.0,False,1.0,1.0,waferagent_adaptive,78944.10616019036,631294132224000.0
13,train,10,1878,1320,84,8,2.0,False,1.0,1.0,apc_like,2914.639828166905,11579047280640.0
13,train,10,1878,1320,84,8,2.0,False,1.0,1.0,apc_like_global_orchestrator,2818.1530741802644,827074805760.0
13,train,10,1878,1320,84,8,2.0,False,1.0,1.0,pat_like_traffic_only,971.0051386167313,95113602662.0
13,train,10,1878,1320,84,8,2.0,False,1.0,1.0,pat_like_global_orchestrator,2818.0171381733608,827074805760.0
13,train,10,1878,1320,84,8,2.0,False,1.0,1.0,waferagent_adaptive,28.562433126903663,0.0
14,train,29,37770,128,128,32,16.0,False,1.0,1.0,apc_like,398721.92922321777,6378954382376960.0
14,train,29,37770,128,128,32,16.0,False,1.0,1.0,apc_like_global_orchestrator,1611290.7555135642,565874985533440.0
14,train,29,37770,128,128,32,16.0,False,1.0,1.0,pat_like_traffic_only,398722.1292232178,6198356879605760.0
14,train,29,37770,128,128,32,16.0,False,1.0,1.0,pat_like_global_orchestrator,1611290.7555135642,565874985533440.0
14,train,29,37770,128,128,32,16.0,False,1.0,1.0,waferagent_adaptive,398721.92922321777,6378954382376960.0
15,train,113,24883,936,206,4,4.0,False,1.0,1.0,apc_like,40708.01382179106,81341731307520.0
15,train,113,24883,936,206,4,4.0,False,1.0,1.0,apc_like_global_orchestrator,64.86580382395842,0.0
15,train,113,24883,936,206,4,4.0,False,1.0,1.0,pat_like_traffic_only,40708.213821791054,81341731307520.0
15,train,113,24883,936,206,4,4.0,False,1.0,1.0,pat_like_global_orchestrator,65.03033164148479,0.0
15,train,113,24883,936,206,4,4.0,False,1.0,1.0,waferagent_adaptive,64.86674658611435,0.0
16,train,105,1362,196,290,2,8.0,True,1.0,1.0,apc_like,3147.5046653790623,3106249252800.0
16,train,105,1362,196,290,2,8.0,True,1.0,1.0,apc_like_global_orchestrator,45.503091585462215,0.0
16,train,105,1362,196,290,2,8.0,True,1.0,1.0,pat_like_traffic_only,3261.980359057706,2050124554172.0
16,train,105,1362,196,290,2,8.0,True,1.0,1.0,pat_like_global_orchestrator,47.664418198083624,0.0
16,train,105,1362,196,290,2,8.0,True,1.0,1.0,waferagent_adaptive,45.50241819808362,0.0
17,train,10,264,258,178,32,16.0,True,1.0,1.0,apc_like,7857.135199828665,65388852756480.0
17,train,10,264,258,178,32,16.0,True,1.0,1.0,apc_like_global_orchestrator,14943.622778537696,5666627778560.0
17,train,10,264,258,178,32,16.0,True,1.0,1.0,pat_like_traffic_only,7857.535199828664,65388852756480.0
17,train,10,264,258,178,32,16.0,True,1.0,1.0,pat_like_global_orchestrator,14944.384778537706,5666627778560.0
17,train,10,264,258,178,32,16.0,True,1.0,1.0,waferagent_adaptive,53.70997646866196,39188480.0
18,train,58,10485,220,19,32,32.0,False,1.0,1.0,apc_like,17578.029325905125,280966316687360.0
18,train,58,10485,220,19,32,32.0,False,1.0,1.0,apc_like_global_orchestrator,70099.46007812837,24924431319040.0
18,train,58,10485,220,19,32,32.0,False,1.0,1.0,pat_like_traffic_only,20006.70596942047,252342881090192.0
18,train,58,10485,220,19,32,32.0,False,1.0,1.0,pat_like_global_orchestrator,70099.46007812838,24924431319040.0
18,train,58,10485,220,19,32,32.0,False,1.0,1.0,waferagent_adaptive,64031.143183376356,22600507064320.0
19,train,38,1072,1101,985,8,8.0,False,1.0,1.0,apc_like,19405.00179356275,77504865894400.0
19,train,38,1072,1101,985,8,8.0,False,1.0,1.0,apc_like_global_orchestrator,53192.07390496737,5536061849600.0
19,train,38,1072,1101,985,8,8.0,False,1.0,1.0,pat_like_traffic_only,5185.624882030663,318323556352.0
19,train,38,1072,1101,985,8,8.0,False,1.0,1.0,pat_like_global_orchestrator,53192.05449027393,5536061849600.0
19,train,38,1072,1101,985,8,8.0,False,1.0,1.0,waferagent_adaptive,32.49733049543529,0.0
20,train,92,18604,751,128,8,8.0,False,1.0,1.0,apc_like,44337.11089180845,177219494215680.0
20,train,92,18604,751,128,8,8.0,False,1.0,1.0,apc_like_global_orchestrator,123760.12027324186,12658535301120.0
20,train,92,18604,751,128,8,8.0,False,1.0,1.0,pat_like_traffic_only,44337.31089180845,166622907282223.0
20,train,92,18604,751,128,8,8.0,False,1.0,1.0,pat_like_global_orchestrator,123760.12691731258,12658535301120.0
20,train,92,18604,751,128,8,8.0,False,1.0,1.0,waferagent_adaptive,477.1176838367091,173602242560.0
21,train,82,2322,92,633,32,1.0,True,1.0,1.0,apc_like,243205.39070757758,2037460380917760.0
21,train,82,2322,92,633,32,1.0,True,1.0,1.0,apc_like_global_orchestrator,478471.9393754494,177240930155520.0
21,train,82,2322,92,633,32,1.0,True,1.0,1.0,pat_like_traffic_only,426384.563870241,1942289782382581.0
21,train,82,2322,92,633,32,1.0,True,1.0,1.0,pat_like_global_orchestrator,474621.2978489089,177240930155520.0
21,train,82,2322,92,633,32,1.0,True,1.0,1.0,waferagent_adaptive,86.75138551337615,139361280.0
22,train,49,3096,3954,106,2,4.0,True,1.0,1.0,apc_like,2635.108757728532,2580881131200.0
22,train,49,3096,3954,106,2,4.0,True,1.0,1.0,apc_like_global_orchestrator,61.550166622282404,0.0
22,train,49,3096,3954,106,2,4.0,True,1.0,1.0,pat_like_traffic_only,2523.1590124212794,1690477158488.0
22,train,49,3096,3954,106,2,4.0,True,1.0,1.0,pat_like_global_orchestrator,64.01952054863155,0.0
22,train,49,3096,3954,106,2,4.0,True,1.0,1.0,waferagent_adaptive,61.548576702208656,0.0
23,train,36,583,80,96,4,2.0,True,1.0,1.0,apc_like,1063.057547195348,1467167846400.0
23,train,36,583,80,96,4,2.0,True,1.0,1.0,apc_like_global_orchestrator,37.72288240454424,0.0
23,train,36,583,80,96,4,2.0,True,1.0,1.0,pat_like_traffic_only,1065.2575471953478,1467167846400.0
23,train,36,583,80,96,4,2.0,True,1.0,1.0,pat_like_global_orchestrator,39.92288240454424,0.0
23,train,36,583,80,96,4,2.0,True,1.0,1.0,waferagent_adaptive,37.72288240454424,0.0
24,train,78,7261,215,86,2,4.0,True,1.0,1.0,apc_like,5049.205403499912,4992836608320.0
24,train,78,7261,215,86,2,4.0,True,1.0,1.0,apc_like_global_orchestrator,64.07948422184928,0.0
24,train,78,7261,215,86,2,4.0,True,1.0,1.0,pat_like_traffic_only,5497.128004548954,4550860723312.0
24,train,78,7261,215,86,2,4.0,True,1.0,1.0,pat_like_global_orchestrator,66.55408519276165,0.0
24,train,78,7261,215,86,2,4.0,True,1.0,1.0,waferagent_adaptive,64.08051782405718,0.0
25,train,114,6571,724,132,8,16.0,True,1.0,1.0,apc_like,34513.811369635914,82709182310400.0
25,train,114,6571,724,132,8,16.0,True,1.0,1.0,apc_like_global_orchestrator,45901.03913496806,4594954572800.0
25,train,114,6571,724,132,8,16.0,True,1.0,1.0,pat_like_traffic_only,36725.22799836533,74455420240260.0
25,train,114,6571,724,132,8,16.0,True,1.0,1.0,pat_like_global_orchestrator,45901.05507115414,4594954572800.0
25,train,114,6571,724,132,8,16.0,True,1.0,1.0,waferagent_adaptive,131.84069167111767,47427261440.0
26,train,34,54758,79,36,32,32.0,False,1.0,1.0,apc_like,168796.0013761475,2700206848081920.0
26,train,34,54758,79,36,32,32.0,False,1.0,1.0,apc_like_global_orchestrator,679942.9107462069,239534478458880.0
26,train,34,54758,79,36,32,32.0,False,1.0,1.0,pat_like_traffic_only,168796.20137614754,2671436161508914.0
26,train,34,54758,79,36,32,32.0,False,1.0,1.0,pat_like_global_orchestrator,679942.9127282877,239534478458880.0
26,train,34,54758,79,36,32,32.0,False,1.0,1.0,waferagent_adaptive,602428.7095254061,211112605777920.0
27,train,2,36517,2845,437,2,8.0,True,1.0,1.0,apc_like,126129.73649304839,126040410895200.0
27,train,2,36517,2845,437,2,8.0,True,1.0,1.0,apc_like_global_orchestrator,144.36249959163916,0.0
27,train,2,36517,2845,437,2,8.0,True,1.0,1.0,pat_like_traffic_only,126131.93649304839,126040410895200.0
27,train,2,36517,2845,437,2,8.0,True,1.0,1.0,pat_like_global_orchestrator,146.5624995916392,0.0
27,train,2,36517,2845,437,2,8.0,True,1.0,1.0,waferagent_adaptive,144.36249959163916,0.0
28,train,19,1734,1796,45,4,32.0,False,0.95,1.0,apc_like,628.665158086904,1227305779200.0
28,train,19,1734,1796,45,4,32.0,False,0.95,1.0,apc_like_global_orchestrator,23.423788006903646,0.0
28,train,19,1734,1796,45,4,32.0,False,0.95,1.0,pat_like_traffic_only,250.2371081665155,23523360768.0
28,train,19,1734,1796,45,4,32.0,False,0.95,1.0,pat_like_global_orchestrator,23.62378800690364,0.0
28,train,19,1734,1796,45,4,32.0,False,0.95,1.0,waferagent_adaptive,23.423788006903646,0.0
29,train,113,755,328,21,32,1.0,False,1.0,1.0,apc_like,1354.7927539208874,21541473484800.0
29,train,113,755,328,21,32,1.0,False,1.0,1.0,apc_like_global_orchestrator,752.6373700827852,1828768972800.0
29,train,113,755,328,21,32,1.0,False,1.0,1.0,pat_like_traffic_only,1354.9927539208863,21541473484800.0
29,train,113,755,328,21,32,1.0,False,1.0,1.0,pat_like_global_orchestrator,752.8373700827859,1828768972800.0
29,train,113,755,328,21,32,1.0,False,1.0,1.0,waferagent_adaptive,1354.7927539208874,21541473484800.0
30,train,36,47664,1510,97,16,4.0,False,1.0,1.0,apc_like,185429.36518238805,1483097505792000.0
30,train,36,47664,1510,97,16,4.0,False,1.0,1.0,apc_like_global_orchestrator,512977.5433076452,86514021171200.0
30,train,36,47664,1510,97,16,4.0,False,1.0,1.0,pat_like_traffic_only,185429.56518238803,1423436871421102.0
30,train,36,47664,1510,97,16,4.0,False,1.0,1.0,pat_like_global_orchestrator,512977.54330764513,86514021171200.0
30,train,36,47664,1510,97,16,4.0,False,1.0,1.0,waferagent_adaptive,185429.36518238805,1483097505792000.0
31,train,77,1087,302,1470,4,32.0,False,1.0,1.0,apc_like,12595.381377710764,25132636569600.0
31,train,77,1087,302,1470,4,32.0,False,1.0,1.0,apc_like_global_orchestrator,32.437757046359934,0.0
31,train,77,1087,302,1470,4,32.0,False,1.0,1.0,pat_like_traffic_only,3930.9035741938983,240854433791.0
31,train,77,1087,302,1470,4,32.0,False,1.0,1.0,pat_like_global_orchestrator,32.59957120354468,0.0
31,train,77,1087,302,1470,4,32.0,False,1.0,1.0,waferagent_adaptive,32.43758762072317,0.0
32,train,28,4682,198,25,8,32.0,True,1.0,1.0,apc_like,4836.8550115628705,11543375301120.0
32,train,28,4682,198,25,8,32.0,True,1.0,1.0,apc_like_global_orchestrator,6268.857876911113,641298627840.0
32,train,28,4682,198,25,8,32.0,True,1.0,1.0,pat_like_traffic_only,5136.043248954672,10294538324480.0
32,train,28,4682,198,25,8,32.0,True,1.0,1.0,pat_like_global_orchestrator,6268.8276000241185,641298627840.0
32,train,28,4682,198,25,8,32.0,True,1.0,1.0,waferagent_adaptive,81.65040920667043,27619523840.0
33,train,42,8063,2047,516,8,1.0,False,1.0,1.0,apc_like,76601.39992133387,306265624412160.0
33,train,42,8063,2047,516,8,1.0,False,1.0,1.0,apc_like_global_orchestrator,203352.6672990381,21876116029440.0
33,train,42,8063,2047,516,8,1.0,False,1.0,1.0,pat_like_traffic_only,76601.59992133387,306265624412160.0
33,train,42,8063,2047,516,8,1.0,False,1.0,1.0,pat_like_global_orchestrator,203352.66838738852,21876116029440.0
33,train,42,8063,2047,516,8,1.0,False,1.0,1.0,waferagent_adaptive,80.29707172339522,63071846400.0
34,train,25,1416,4031,157,8,2.0,False,1.0,1.0,apc_like,4107.325095242191,16317771939840.0
34,train,25,1416,4031,157,8,2.0,False,1.0,1.0,apc_like_global_orchestrator,5513.46293238375,1165555138560.0
34,train,25,1416,4031,157,8,2.0,False,1.0,1.0,pat_like_traffic_only,1113.590811619498,67019420467.0
34,train,25,1416,4031,157,8,2.0,False,1.0,1.0,pat_like_global_orchestrator,5513.380405981657,1165555138560.0
34,train,25,1416,4031,157,8,2.0,False,1.0,1.0,waferagent_adaptive,32.06728095971287,0.0
35,train,116,1358,571,212,8,4.0,False,1.0,1.0,apc_like,5301.94301792918,21131658526720.0
35,train,116,1358,571,212,8,4.0,False,1.0,1.0,apc_like_global_orchestrator,11626.866161336842,1509404180480.0
35,train,116,1358,571,212,8,4.0,False,1.0,1.0,pat_like_traffic_only,1425.033377396098,86790740377.0
35,train,116,1358,571,212,8,4.0,False,1.0,1.0,pat_like_global_orchestrator,11626.804391372723,1509404180480.0
35,train,116,1358,571,212,8,4.0,False,1.0,1.0,waferagent_adaptive,23.49207668585317,0.0
36,train,64,50777,3360,99,4,8.0,True,1.0,1.0,apc_like,94120.07205943894,134332573603200.0
36,train,64,50777,3360,99,4,8.0,True,1.0,1.0,apc_like_global_orchestrator,153.5894879416971,0.0
36,train,64,50777,3360,99,4,8.0,True,1.0,1.0,pat_like_traffic_only,101653.20491252608,132388851491402.0
36,train,64,50777,3360,99,4,8.0,True,1.0,1.0,pat_like_global_orchestrator,155.78194897073482,0.0
36,train,64,50777,3360,99,4,8.0,True,1.0,1.0,waferagent_adaptive,153.59156730054303,0.0
37,train,67,605,709,1671,16,2.0,True,1.0,1.0,apc_like,82310.8946798997,360593046804480.0
37,train,67,605,709,1671,16,2.0,True,1.0,1.0,apc_like_global_orchestrator,111275.41027109597,18551120098560.0
37,train,67,605,709,1671,16,2.0,True,1.0,1.0,pat_like_traffic_only,82311.2946798997,360593046804480.0
37,train,67,605,709,1671,16,2.0,True,1.0,1.0,pat_like_global_orchestrator,111275.810271096,18551120098560.0
37,train,67,605,709,1671,16,2.0,True,1.0,1.0,waferagent_adaptive,108.7565489417281,14972160.0
38,train,122,25730,72,1296,16,16.0,False,1.0,1.0,apc_like,1313130.9138302952,1.05046691807232e+16
38,train,122,25730,72,1296,16,16.0,False,1.0,1.0,apc_like_global_orchestrator,3642359.0697840443,612772368875520.0
38,train,122,25730,72,1296,16,16.0,False,1.0,1.0,pat_like_traffic_only,1313131.1138302952,1.05046691807232e+16
38,train,122,25730,72,1296,16,16.0,False,1.0,1.0,pat_like_global_orchestrator,3642359.0697840443,612772368875520.0
38,train,122,25730,72,1296,16,16.0,False,1.0,1.0,waferagent_adaptive,2959649.886691933,542840570511360.0
39,train,33,453,741,71,16,16.0,False,1.0,1.0,apc_like,1297.8236402795044,10226856099840.0
39,train,33,453,741,71,16,16.0,False,1.0,1.0,apc_like_global_orchestrator,2688.7320158842176,590193623040.0
39,train,33,453,741,71,16,16.0,False,1.0,1.0,pat_like_traffic_only,1298.0236402795044,10226856099840.0
39,train,33,453,741,71,16,16.0,False,1.0,1.0,pat_like_global_orchestrator,2688.932015884218,590193623040.0
39,train,33,453,741,71,16,16.0,False,1.0,1.0,waferagent_adaptive,16.736022153504575,0.0
40,train,55,12794,2830,458,2,16.0,False,1.0,1.0,apc_like,15453.79552362293,15417066127360.0
40,train,55,12794,2830,458,2,16.0,False,1.0,1.0,apc_like_global_orchestrator,51.805154511312125,0.0
40,train,55,12794,2830,458,2,16.0,False,1.0,1.0,pat_like_traffic_only,15453.995523622929,14649029820416.0
40,train,55,12794,2830,458,2,16.0,False,1.0,1.0,pat_like_global_orchestrator,51.967666734052735,0.0
40,train,55,12794,2830,458,2,16.0,False,1.0,1.0,waferagent_adaptive,51.80566673405274,0.0
41,train,37,1337,841,375,32,8.0,True,1.0,1.0,apc_like,83092.49155312903,695716264960000.0
41,train,37,1337,841,375,32,8.0,True,1.0,1.0,apc_like_global_orchestrator,166155.70530253634,60459008640000.0
41,train,37,1337,841,375,32,8.0,True,1.0,1.0,pat_like_traffic_only,159592.5956020008,622399959654325.0
41,train,37,1337,841,375,32,8.0,True,1.0,1.0,pat_like_global_orchestrator,166157.8299161114,60459008640000.0
41,train,37,1337,841,375,32,8.0,True,1.0,1.0,waferagent_adaptive,73.80265687064981,82560000.0
42,train,58,3800,802,52,32,16.0,False,1.0,1.0,apc_like,16377.764926127244,261588254720000.0
42,train,58,3800,802,52,32,16.0,False,1.0,1.0,apc_like_global_orchestrator,63852.424187325334,22791847936000.0
42,train,58,3800,802,52,32,16.0,False,1.0,1.0,pat_like_traffic_only,41343.53246336466,194436477745870.0
42,train,58,3800,802,52,32,16.0,False,1.0,1.0,pat_like_global_orchestrator,63334.291507318434,22791847936000.0
42,train,58,3800,802,52,32,16.0,False,1.0,1.0,waferagent_adaptive,16377.764926127244,261588254720000.0
43,train,116,36008,2783,380,32,1.0,True,1.0,1.0,apc_like,2271076.3414282515,1.90329836691456e+16
43,train,116,36008,2783,380,32,1.0,True,1.0,1.0,apc_like_global_orchestrator,4773257.841725398,1658176646451200.0
43,train,116,36008,2783,380,32,1.0,True,1.0,1.0,pat_like_traffic_only,2406180.169027991,1.9051815035043704e+16
43,train,116,36008,2783,380,32,1.0,True,1.0,1.0,pat_like_global_orchestrator,4773269.841725397,1658176646451200.0
43,train,116,36008,2783,380,32,1.0,True,1.0,1.0,waferagent_adaptive,2271076.3414282515,1.90329836691456e+16
44,train,61,40694,1392,26,4,8.0,True,1.0,1.0,apc_like,20891.253546713182,29762152121600.0
44,train,61,40694,1392,26,4,8.0,True,1.0,1.0,apc_like_global_orchestrator,106.98009432756143,0.0
44,train,61,40694,1392,26,4,8.0,True,1.0,1.0,pat_like_traffic_only,22241.283386167368,29290640314828.0
44,train,61,40694,1392,26,4,8.0,True,1.0,1.0,pat_like_global_orchestrator,109.14766968896227,0.0
44,train,61,40694,1392,26,4,8.0,True,1.0,1.0,waferagent_adaptive,106.98217368640738,0.0
45,train,35,11197,1283,407,32,1.0,True,1.0,1.0,apc_like,755723.0947020377,6333011239526400.0
45,train,35,11197,1283,407,32,1.0,True,1.0,1.0,apc_like_global_orchestrator,1579511.7457479548,551739657241600.0
45,train,35,11197,1283,407,32,1.0,True,1.0,1.0,pat_like_traffic_only,800721.218940745,6335788770857773.0
45,train,35,11197,1283,407,32,1.0,True,1.0,1.0,pat_like_global_orchestrator,1579523.745747955,551739657241600.0
45,train,35,11197,1283,407,32,1.0,True,1.0,1.0,waferagent_adaptive,755723.0947020377,6333011239526400.0
46,train,35,513,134,27,32,32.0,False,1.0,1.0,apc_like,1172.6569086344675,18638910259200.0
46,train,35,513,134,27,32,32.0,False,1.0,1.0,apc_like_global_orchestrator,4121.144883192013,1597620879360.0
46,train,35,513,134,27,32,32.0,False,1.0,1.0,pat_like_traffic_only,1172.8569086344673,18638910259200.0
46,train,35,513,134,27,32,32.0,False,1.0,1.0,pat_like_global_orchestrator,4121.344883192018,1597620879360.0
46,train,35,513,134,27,32,32.0,False,1.0,1.0,waferagent_adaptive,6.846268574866786,0.0
47,train,7,18823,2449,102,32,8.0,True,1.0,1.0,apc_like,322697.0523454877,2703873646510080.0
47,train,7,18823,2449,102,32,8.0,True,1.0,1.0,apc_like_global_orchestrator,662669.625281695,235564759951360.0
47,train,7,18823,2449,102,32,8.0,True,1.0,1.0,pat_like_traffic_only,342267.50750277616,2689240131433220.0
47,train,7,18823,2449,102,32,8.0,True,1.0,1.0,pat_like_global_orchestrator,662675.6252816952,235564759951360.0
47,train,7,18823,2449,102,32,8.0,True,1.0,1.0,waferagent_adaptive,630772.9215386488,226253666953216.0
48,train,18,45200,406,1626,8,8.0,False,1.0,1.0,apc_like,1350279.35278493,5400905939681280.0
48,train,18,45200,406,1626,8,8.0,False,1.0,1.0,apc_like_global_orchestrator,3819540.8163752467,385778995691520.0
48,train,18,45200,406,1626,8,8.0,False,1.0,1.0,pat_like_traffic_only,1350279.55278493,5400905939681280.0
48,train,18,45200,406,1626,8,8.0,False,1.0,1.0,pat_like_global_orchestrator,3819540.817683467,385778995691520.0
48,train,18,45200,406,1626,8,8.0,False,1.0,1.0,waferagent_adaptive,2881.9105750417916,452481515520.0
49,train,53,11340,305,23,16,8.0,True,1.0,1.0,apc_like,22745.753816071832,99611955763200.0
49,train,53,11340,305,23,16,8.0,True,1.0,1.0,apc_like_global_orchestrator,30351.86106921564,5127085958400.0
49,train,53,11340,305,23,16,8.0,True,1.0,1.0,pat_like_traffic_only,24076.96910182598,99147023456256.0
49,train,53,11340,305,23,16,8.0,True,1.0,1.0,pat_like_global_orchestrator,30351.886696904254,5127085958400.0
49,train,53,11340,305,23,16,8.0,True,1.0,1.0,waferagent_adaptive,22745.753816071832,99611955763200.0
50,train,7,60696,412,117,32,32.0,False,1.0,1.0,apc_like,586675.5487757822,9386037314846720.0
50,train,7,60696,412,117,32,32.0,False,1.0,1.0,apc_like_global_orchestrator,2367966.2579159904,832632342446080.0
50,train,7,60696,412,117,32,32.0,False,1.0,1.0,pat_like_traffic_only,586675.7487757823,9016184373876876.0
50,train,7,60696,412,117,32,32.0,False,1.0,1.0,pat_like_global_orchestrator,2367966.2604391887,832632342446080.0
50,train,7,60696,412,117,32,32.0,False,1.0,1.0,waferagent_adaptive,2088726.5863847898,730244463984640.0
51,train,21,1026,65,212,8,16.0,False,1.0,1.0,apc_like,4008.6029457797545,15965450403840.0
51,train,21,1026,65,212,8,16.0,False,1.0,1.0,apc_like_global_orchestrator,10477.095768894866,1140389314560.0
51,train,21,1026,65,212,8,16.0,False,1.0,1.0,pat_like_traffic_only,1079.5060224698057,65572385587.0
51,train,21,1026,65,212,8,16.0,False,1.0,1.0,pat_like_global_orchestrator,10477.03177188017,1140389314560.0
51,train,21,1026,65,212,8,16.0,False,1.0,1.0,waferagent_adaptive,20.299587201348604,0.0
52,train,111,45320,218,43,2,32.0,False,1.0,1.0,apc_like,5367.815330817226,5335427317760.0
52,train,111,45320,218,43,2,32.0,False,1.0,1.0,apc_like_global_orchestrator,86.112755710374,0.0
52,train,111,45320,218,43,2,32.0,False,1.0,1.0,pat_like_traffic_only,5368.015330817226,5335427317760.0
52,train,111,45320,218,43,2,32.0,False,1.0,1.0,pat_like_global_orchestrator,86.27727890835274,0.0
52,train,111,45320,218,43,2,32.0,False,1.0,1.0,waferagent_adaptive,86.11527890835275,0.0
53,train,33,51319,642,337,8,2.0,False,1.0,1.0,apc_like,319208.16802643007,1276655068774400.0
53,train,33,51319,642,337,8,2.0,False,1.0,1.0,apc_like_global_orchestrator,896641.3219322759,91189647769600.0
53,train,33,51319,642,337,8,2.0,False,1.0,1.0,pat_like_traffic_only,319208.3680264301,1276655068774400.0
53,train,33,51319,642,337,8,2.0,False,1.0,1.0,pat_like_global_orchestrator,896641.3253672024,91189647769600.0
53,train,33,51319,642,337,8,2.0,False,1.0,1.0,waferagent_adaptive,882.6752922604096,516643880960.0
54,train,41,12296,79,49,32,2.0,True,1.0,1.0,apc_like,102938.03244953777,862307025592320.0
54,train,41,12296,79,49,32,2.0,True,1.0,1.0,apc_like_global_orchestrator,209022.10202493952,75125238307840.0
54,train,41,12296,79,49,32,2.0,True,1.0,1.0,pat_like_traffic_only,108889.14186688118,807812808063263.0
54,train,41,12296,79,49,32,2.0,True,1.0,1.0,pat_like_global_orchestrator,209038.10202493952,75125238307840.0
54,train,41,12296,79,49,32,2.0,True,1.0,1.0,waferagent_adaptive,102938.03244953777,862307025592320.0
55,train,21,21280,2223,34,2,4.0,False,1.0,1.0,apc_like,2023.2252921679506,1997495336960.0
55,train,21,21280,2223,34,2,4.0,False,1.0,1.0,apc_like_global_orchestrator,50.08382106023075,0.0
55,train,21,21280,2223,34,2,4.0,False,1.0,1.0,pat_like_traffic_only,2023.4252921679504,1997495336960.0
55,train,21,21280,2223,34,2,4.0,False,1.0,1.0,pat_like_global_orchestrator,50.247900419076686,0.0
55,train,21,21280,2223,34,2,4.0,False,1.0,1.0,waferagent_adaptive,50.085900419076694,0.0
56,train,45,425,1609,70,8,2.0,True,1.0,1.0,apc_like,1218.440203759013,2816476748800.0
56,train,45,425,1609,70,8,2.0,True,1.0,1.0,apc_like_global_orchestrator,187.72636043098927,155975769600.0
56,train,45,425,1609,70,8,2.0,True,1.0,1.0,pat_like_traffic_only,1220.6402037590128,2816476748800.0
56,train,45,425,1609,70,8,2.0,True,1.0,1.0,pat_like_global_orchestrator,189.9263604309891,155975769600.0
56,train,45,425,1609,70,8,2.0,True,1.0,1.0,waferagent_adaptive,41.213181329009124,89600.0
57,train,73,22352,1254,121,8,4.0,False,1.0,1.0,apc_like,50415.97160579817,201498558464000.0
57,train,73,22352,1254,121,8,4.0,False,1.0,1.0,apc_like_global_orchestrator,139278.9798432602,14392754176000.0
57,train,73,22352,1254,121,8,4.0,False,1.0,1.0,pat_like_traffic_only,50416.17160579817,201498558464000.0
57,train,73,22352,1254,121,8,4.0,False,1.0,1.0,pat_like_global_orchestrator,139278.99078725412,14392754176000.0
57,train,73,22352,1254,121,8,4.0,False,1.0,1.0,waferagent_adaptive,351.24466504085683,212902871040.0
58,train,25,26888,91,20,2,4.0,False,1.0,1.0,apc_like,1564.2789438071554,1539938713600.0
58,train,25,26888,91,20,2,4.0,False,1.0,1.0,apc_like_global_orchestrator,52.91781326660479,0.0
58,train,25,26888,91,20,2,4.0,False,1.0,1.0,pat_like_traffic_only,1564.4789438071552,1539938713600.0
58,train,25,26888,91,20,2,4.0,False,1.0,1.0,pat_like_global_orchestrator,53.08179534754121,0.0
58,train,25,26888,91,20,2,4.0,False,1.0,1.0,waferagent_adaptive,52.91979534754122,0.0
59,train,57,8172,97,175,32,1.0,False,1.0,1.0,apc_like,117242.69156340521,1875390255595520.0
59,train,57,8172,97,175,32,1.0,False,1.0,1.0,apc_like_global_orchestrator,462152.3116841987,166365264609280.0
59,train,57,8172,97,175,32,1.0,False,1.0,1.0,pat_like_traffic_only,117242.89156340521,1805922743091064.0
59,train,57,8172,97,175,32,1.0,False,1.0,1.0,pat_like_global_orchestrator,462152.31168419874,166365264609280.0
59,train,57,8172,97,175,32,1.0,False,1.0,1.0,waferagent_adaptive,117242.69156340521,1875390255595520.0
60,train,108,547,466,163,8,1.0,False,1.0,1.0,apc_like,1655.2792687503497,6544445931520.0
60,train,108,547,466,163,8,1.0,False,1.0,1.0,apc_like_global_orchestrator,469.44220826645613,467460423680.0
60,train,108,547,466,163,8,1.0,False,1.0,1.0,pat_like_traffic_only,1655.4792687503505,6544445931520.0
60,train,108,547,466,163,8,1.0,False,1.0,1.0,pat_like_global_orchestrator,469.64220826645686,467460423680.0
60,train,108,547,466,163,8,1.0,False,1.0,1.0,waferagent_adaptive,20.838585218745067,0.0
61,train,126,418,97,768,8,8.0,False,1.0,1.0,apc_like,5913.808209971756,23563264327680.0
61,train,126,418,97,768,8,8.0,False,1.0,1.0,apc_like_global_orchestrator,15022.597604601979,1683090309120.0
61,train,126,418,97,768,8,8.0,False,1.0,1.0,pat_like_traffic_only,5914.008209971756,23563264327680.0
61,train,126,418,97,768,8,8.0,False,1.0,1.0,pat_like_global_orchestrator,15022.797604601976,1683090309120.0
61,train,126,418,97,768,8,8.0,False,1.0,1.0,waferagent_adaptive,24.186375920553886,0.0
62,train,108,42131,1207,344,4,2.0,True,1.0,1.0,apc_like,267506.7862212268,382028481612800.0
62,train,108,42131,1207,344,4,2.0,True,1.0,1.0,apc_like_global_orchestrator,137.20058407969745,0.0
62,train,108,42131,1207,344,4,2.0,True,1.0,1.0,pat_like_traffic_only,267508.9862212268,382028481612800.0
62,train,108,42131,1207,344,4,2.0,True,1.0,1.0,pat_like_global_orchestrator,139.3643339852972,0.0
62,train,108,42131,1207,344,4,2.0,True,1.0,1.0,waferagent_adaptive,137.20123671571997,0.0
63,train,39,2756,393,90,8,4.0,False,1.0,1.0,apc_like,4568.931208925493,18206215372800.0
63,train,39,2756,393,90,8,4.0,False,1.0,1.0,apc_like_global_orchestrator,9555.464109414757,1300443955200.0
63,train,39,2756,393,90,8,4.0,False,1.0,1.0,pat_like_traffic_only,1228.7313679869396,74775527424.0
63,train,39,2756,393,90,8,4.0,False,1.0,1.0,pat_like_global_orchestrator,9555.327869409264,1300443955200.0
63,train,39,2756,393,90,8,4.0,False,1.0,1.0,waferagent_adaptive,27.088833638629474,0.0
64,train,28,582,124,36,16,1.0,True,1.0,1.0,apc_like,1765.8536870339794,7634499379200.0
64,train,28,582,124,36,16,1.0,True,1.0,1.0,apc_like_global_orchestrator,425.7606734263863,384471198720.0
64,train,28,582,124,36,16,1.0,True,1.0,1.0,pat_like_traffic_only,1768.0536870339793,7634499379200.0
64,train,28,582,124,36,16,1.0,True,1.0,1.0,pat_like_global_orchestrator,427.9606734263861,384471198720.0
64,train,28,582,124,36,16,1.0,True,1.0,1.0,waferagent_adaptive,1765.8536870339794,7634499379200.0
65,train,32,3914,635,845,32,8.0,False,1.0,1.0,apc_like,269111.96278469585,4305105536942080.0
65,train,32,3914,635,845,32,8.0,False,1.0,1.0,apc_like_global_orchestrator,1080885.6161455223,381478554828800.0
65,train,32,3914,635,845,32,8.0,False,1.0,1.0,pat_like_traffic_only,916225.9497177858,4081138610405110.0
65,train,32,3914,635,845,32,8.0,False,1.0,1.0,pat_like_global_orchestrator,1073862.921096374,381478554828800.0
65,train,32,3914,635,845,32,8.0,False,1.0,1.0,waferagent_adaptive,34.15924239443107,0.0
66,train,102,20414,263,128,8,1.0,False,1.0,1.0,apc_like,48655.01026097711,194490589511680.0
66,train,102,20414,263,128,8,1.0,False,1.0,1.0,apc_like_global_orchestrator,124281.50258577894,13892184965120.0
66,train,102,20414,263,128,8,1.0,False,1.0,1.0,pat_like_traffic_only,48655.21026097712,188479888477387.0
66,train,102,20414,263,128,8,1.0,False,1.0,1.0,pat_like_global_orchestrator,124281.51064802651,13892184965120.0
66,train,102,20414,263,128,8,1.0,False,1.0,1.0,waferagent_adaptive,194.87931807658168,192581468160.0
67,train,103,652,3422,612,2,8.0,True,1.0,1.0,apc_like,3210.4167070634294,3138052717440.0
67,train,103,652,3422,612,2,8.0,True,1.0,1.0,apc_like_global_orchestrator,75.24603124902902,0.0
67,train,103,652,3422,612,2,8.0,True,1.0,1.0,pat_like_traffic_only,3212.616707063429,3138052717440.0
67,train,103,652,3422,612,2,8.0,True,1.0,1.0,pat_like_global_orchestrator,77.44603124902903,0.0
67,train,103,652,3422,612,2,8.0,True,1.0,1.0,waferagent_adaptive,75.24603124902902,0.0
68,train,27,5012,1450,533,4,16.0,False,1.0,1.0,apc_like,21085.923606030778,42110665359360.0
68,train,27,5012,1450,533,4,16.0,False,1.0,1.0,apc_like_global_orchestrator,36.02682868441167,0.0
68,train,27,5012,1450,533,4,16.0,False,1.0,1.0,pat_like_traffic_only,21086.123606030775,40412461059276.0
68,train,27,5012,1450,533,4,16.0,False,1.0,1.0,pat_like_global_orchestrator,36.188476330476014,0.0
68,train,27,5012,1450,533,4,16.0,False,1.0,1.0,waferagent_adaptive,36.02647292982998,0.0
69,train,49,297,3648,20,8,8.0,False,1.0,1.0,apc_like,128.64880031950474,435997900800.0
69,train,49,297,3648,20,8,8.0,False,1.0,1.0,apc_like_global_orchestrator,46.36050989639343,31142707200.0
69,train,49,297,3648,20,8,8.0,False,1.0,1.0,pat_like_traffic_only,128.8488003195048,435997900800.0
69,train,49,297,3648,20,8,8.0,False,1.0,1.0,pat_like_global_orchestrator,46.56050989639348,31142707200.0
69,train,49,297,3648,20,8,8.0,False,1.0,1.0,waferagent_adaptive,20.96770176230458,0.0
70,train,90,737,2796,112,32,2.0,True,1.0,1.0,apc_like,13820.198916602614,115216979722240.0
70,train,90,737,2796,112,32,2.0,True,1.0,1.0,apc_like_global_orchestrator,23765.100780810986,9953695252480.0
70,train,90,737,2796,112,32,2.0,True,1.0,1.0,pat_like_traffic_only,13822.398916602615,115216979722240.0
70,train,90,737,2796,112,32,2.0,True,1.0,1.0,pat_like_global_orchestrator,23765.30078081099,9953695252480.0
70,train,90,737,2796,112,32,2.0,True,1.0,1.0,waferagent_adaptive,13820.198916602614,115216979722240.0
71,train,53,2798,678,21,16,2.0,False,1.0,1.0,apc_like,2426.7335371269055,19158469181440.0
71,train,53,2798,678,21,16,2.0,False,1.0,1.0,apc_like_global_orchestrator,1569.0401541102656,1078214000640.0
71,train,53,2798,678,21,16,2.0,False,1.0,1.0,pat_like_traffic_only,6606.2930507327,14569513379396.0
71,train,53,2798,678,21,16,2.0,False,1.0,1.0,pat_like_global_orchestrator,1568.904218103362,1078214000640.0
71,train,53,2798,678,21,16,2.0,False,1.0,1.0,waferagent_adaptive,2426.7335371269055,19158469181440.0
72,train,109,796,75,17,32,32.0,True,1.0,1.0,apc_like,2375.0222482353465,19773272268800.0
72,train,109,796,75,17,32,32.0,True,1.0,1.0,apc_like_global_orchestrator,4154.3156228156495,1631776742400.0
72,train,109,796,75,17,32,32.0,True,1.0,1.0,pat_like_traffic_only,2377.222248235347,19773272268800.0
72,train,109,796,75,17,32,32.0,True,1.0,1.0,pat_like_global_orchestrator,4195.6028173756395,1631776742400.0
72,train,109,796,75,17,32,32.0,True,1.0,1.0,waferagent_adaptive,11.061284744144292,3742720.0
73,train,103,41122,522,1067,16,1.0,True,1.0,1.0,apc_like,3572120.3721295516,1.567076873104384e+16
73,train,103,41122,522,1067,16,1.0,True,1.0,1.0,apc_like_global_orchestrator,4837774.85654397,806583684686080.0
73,train,103,41122,522,1067,16,1.0,True,1.0,1.0,pat_like_traffic_only,3572122.5721295513,1.567076873104384e+16
73,train,103,41122,522,1067,16,1.0,True,1.0,1.0,pat_like_global_orchestrator,4837774.916945515,806583684686080.0
73,train,103,41122,522,1067,16,1.0,True,1.0,1.0,waferagent_adaptive,4723187.108284472,795081546785024.0
74,train,126,6629,412,1500,32,32.0,False,1.0,1.0,apc_like,808838.7399088345,1.294079191154688e+16
74,train,126,6629,412,1500,32,32.0,False,1.0,1.0,apc_like_global_orchestrator,3281891.7817811966,1147973476024320.0
74,train,126,6629,412,1500,32,32.0,False,1.0,1.0,pat_like_traffic_only,930047.1192798,1.027206011486208e+16
74,train,126,6629,412,1500,32,32.0,False,1.0,1.0,pat_like_global_orchestrator,3281891.781781196,1147973476024320.0
74,train,126,6629,412,1500,32,32.0,False,1.0,1.0,waferagent_adaptive,3084569.975262396,1073684553400320.0
75,train,16,13192,489,38,2,1.0,True,1.0,1.0,apc_like,4164.657921605107,4117632141120.0
75,train,16,13192,489,38,2,1.0,True,1.0,1.0,apc_like_global_orchestrator,64.11327531243951,0.0
75,train,16,13192,489,38,2,1.0,True,1.0,1.0,pat_like_traffic_only,4166.857921605108,4117632141120.0
75,train,16,13192,489,38,2,1.0,True,1.0,1.0,pat_like_global_orchestrator,66.31327531243947,0.0
75,train,16,13192,489,38,2,1.0,True,1.0,1.0,waferagent_adaptive,64.11327531243951,0.0
76,train,53,3382,74,893,4,4.0,True,1.0,1.0,apc_like,55476.79050469475,79170793872000.0
76,train,53,3382,74,893,4,4.0,True,1.0,1.0,apc_like_global_orchestrator,69.14554550274649,0.0
76,train,53,3382,74,893,4,4.0,True,1.0,1.0,pat_like_traffic_only,40005.16755651016,30777647864444.0
76,train,53,3382,74,893,4,4.0,True,1.0,1.0,pat_like_global_orchestrator,71.61750476758353,0.0
76,train,53,3382,74,893,4,4.0,True,1.0,1.0,waferagent_adaptive,69.14522516279028,0.0
77,train,39,581,1737,527,2,2.0,False,1.0,1.0,apc_like,830.1637132809244,802650849280.0
77,train,39,581,1737,527,2,2.0,False,1.0,1.0,apc_like_global_orchestrator,29.628244194924157,0.0
77,train,39,581,1737,527,2,2.0,False,1.0,1.0,pat_like_traffic_only,830.3637132809242,802650849280.0
77,train,39,581,1737,527,2,2.0,False,1.0,1.0,pat_like_global_orchestrator,29.828244194924114,0.0
77,train,39,581,1737,527,2,2.0,False,1.0,1.0,waferagent_adaptive,29.628244194924157,0.0
78,train,76,653,463,41,16,1.0,False,1.0,1.0,apc_like,1087.4263849208837,8579543203840.0
78,train,76,653,463,41,16,1.0,False,1.0,1.0,apc_like_global_orchestrator,391.80852342622416,491286691840.0
78,train,76,653,463,41,16,1.0,False,1.0,1.0,pat_like_traffic_only,1087.6263849208844,8579543203840.0
78,train,76,653,463,41,16,1.0,False,1.0,1.0,pat_like_global_orchestrator,392.0085234262247,491286691840.0
78,train,76,653,463,41,16,1.0,False,1.0,1.0,waferagent_adaptive,1087.4263849208837,8579543203840.0
79,train,18,3423,104,528,2,8.0,False,1.0,1.0,apc_like,4759.067849757071,4737843855360.0
79,train,18,3423,104,528,2,8.0,False,1.0,1.0,apc_like_global_orchestrator,36.20517003706993,0.0
79,train,18,3423,104,528,2,8.0,False,1.0,1.0,pat_like_traffic_only,4759.2678497570705,710676578304.0
79,train,18,3423,104,528,2,8.0,False,1.0,1.0,pat_like_global_orchestrator,36.405170037069965,0.0
79,train,18,3423,104,528,2,8.0,False,1.0,1.0,waferagent_adaptive,36.20517003706993,0.0
80,train,50,5814,81,18,32,2.0,True,1.0,1.0,apc_like,18556.107453535715,155276178309120.0
80,train,50,5814,81,18,32,2.0,True,1.0,1.0,apc_like_global_orchestrator,31691.24767791037,13527850711040.0
80,train,50,5814,81,18,32,2.0,True,1.0,1.0,pat_like_traffic_only,19591.72953977568,151099367964378.0
80,train,50,5814,81,18,32,2.0,True,1.0,1.0,pat_like_global_orchestrator,31692.867677910363,13527850711040.0
80,train,50,5814,81,18,32,2.0,True,1.0,1.0,waferagent_adaptive,18556.107453535715,155276178309120.0
81,train,85,565,875,351,4,2.0,False,1.0,1.0,apc_like,1582.2437499714688,3119225241600.0
81,train,85,565,875,351,4,2.0,False,1.0,1.0,apc_like_global_orchestrator,24.464881901468058,0.0
81,train,85,565,875,351,4,2.0,False,1.0,1.0,pat_like_traffic_only,1582.4437499714693,3119225241600.0
81,train,85,565,875,351,4,2.0,False,1.0,1.0,pat_like_global_orchestrator,24.664881901468057,0.0
81,train,85,565,875,351,4,2.0,False,1.0,1.0,waferagent_adaptive,24.464881901468058,0.0
82,train,20,4184,382,824,16,16.0,True,1.0,1.0,apc_like,280596.9101451758,1230652893347840.0
82,train,20,4184,382,824,16,16.0,True,1.0,1.0,apc_like_global_orchestrator,398070.20628966345,63342428334080.0
82,train,20,4184,382,824,16,16.0,True,1.0,1.0,pat_like_traffic_only,302031.15282374783,1167434052530872.0
82,train,20,4184,382,824,16,16.0,True,1.0,1.0,pat_like_global_orchestrator,398070.24070804135,63342428334080.0
82,train,20,4184,382,824,16,16.0,True,1.0,1.0,waferagent_adaptive,389062.4883707014,62438656485376.0
83,train,63,19145,211,676,2,1.0,True,1.0,1.0,apc_like,102131.41306834645,102049099608960.0
83,train,63,19145,211,676,2,1.0,True,1.0,1.0,apc_like_global_orchestrator,102.13191544350465,0.0
83,train,63,19145,211,676,2,1.0,True,1.0,1.0,pat_like_traffic_only,102133.61306834644,102049099608960.0
83,train,63,19145,211,676,2,1.0,True,1.0,1.0,pat_like_global_orchestrator,104.29439622896793,0.0
83,train,63,19145,211,676,2,1.0,True,1.0,1.0,waferagent_adaptive,102.13239622896793,0.0
84,train,118,943,1043,838,8,1.0,True,1.0,1.0,apc_like,31159.322777241065,74595632061440.0
84,train,118,943,1043,838,8,1.0,True,1.0,1.0,apc_like_global_orchestrator,36597.78843477013,4143103106560.0
84,train,118,943,1043,838,8,1.0,True,1.0,1.0,pat_like_traffic_only,31161.52277724106,74595632061440.0
84,train,118,943,1043,838,8,1.0,True,1.0,1.0,pat_like_global_orchestrator,36599.98843477014,4143103106560.0
84,train,118,943,1043,838,8,1.0,True,1.0,1.0,waferagent_adaptive,69.49180410065527,1072640.0
85,train,56,5716,794,1332,32,1.0,False,1.0,1.0,apc_like,619358.9414011268,9909147554283520.0
85,train,56,5716,794,1332,32,1.0,False,1.0,1.0,apc_like_global_orchestrator,2499991.548989767,879037283041280.0
85,train,56,5716,794,1332,32,1.0,False,1.0,1.0,pat_like_traffic_only,619359.1414011269,9909147554283520.0
85,train,56,5716,794,1332,32,1.0,False,1.0,1.0,pat_like_global_orchestrator,2499991.5489897667,879037283041280.0
85,train,56,5716,794,1332,32,1.0,False,1.0,1.0,waferagent_adaptive,2360279.3232928053,826146226700288.0
86,train,109,1597,3824,17,16,4.0,False,1.0,1.0,apc_like,1143.7655460581618,8925489397760.0
86,train,109,1597,3824,17,16,4.0,False,1.0,1.0,apc_like_global_orchestrator,656.7416472058409,498186321920.0
86,train,109,1597,3824,17,16,4.0,False,1.0,1.0,pat_like_traffic_only,1143.9655460581616,6940928599654.0
86,train,109,1597,3824,17,16,4.0,False,1.0,1.0,pat_like_global_orchestrator,656.6057111989372,498186321920.0
86,train,109,1597,3824,17,16,4.0,False,1.0,1.0,waferagent_adaptive,1143.7655460581618,8925489397760.0
87,train,36,312,251,18,2,1.0,True,1.0,1.0,apc_like,52.64197048175629,44166029760.0
87,train,36,312,251,18,2,1.0,True,1.0,1.0,apc_like_global_orchestrator,9.381682744154823,0.0
87,train,36,312,251,18,2,1.0,True,1.0,1.0,pat_like_traffic_only,54.841970481757016,44166029760.0
87,train,36,312,251,18,2,1.0,True,1.0,1.0,pat_like_global_orchestrator,11.581682744154778,0.0
87,train,36,312,251,18,2,1.0,True,1.0,1.0,waferagent_adaptive,9.381682744154823,0.0
88,train,22,7928,1014,1254,4,32.0,True,1.0,1.0,apc_like,182729.73873704797,260924300409600.0
88,train,22,7928,1014,1254,4,32.0,True,1.0,1.0,apc_like_global_orchestrator,91.07443918243146,0.0
88,train,22,7928,1014,1254,4,32.0,True,1.0,1.0,pat_like_traffic_only,197624.92580101395,253757359995642.0
88,train,22,7928,1014,1254,4,32.0,True,1.0,1.0,pat_like_global_orchestrator,93.23667855520183,0.0
88,train,22,7928,1014,1254,4,32.0,True,1.0,1.0,waferagent_adaptive,91.07455011129285,0.0
89,train,120,6219,64,191,2,16.0,True,1.0,1.0,apc_like,9468.797889004218,9407071610400.0
89,train,120,6219,64,191,2,16.0,True,1.0,1.0,apc_like_global_orchestrator,67.47083890640951,0.0
89,train,120,6219,64,191,2,16.0,True,1.0,1.0,pat_like_traffic_only,10226.775384000854,8986705579142.0
89,train,120,6219,64,191,2,16.0,True,1.0,1.0,pat_like_global_orchestrator,69.66641864292706,0.0
89,train,120,6219,64,191,2,16.0,True,1.0,1.0,waferagent_adaptive,67.4714294901418,0.0
90,train,89,398,347,117,2,16.0,False,1.0,1.0,apc_like,144.04668956087744,122069975040.0
90,train,89,398,347,117,2,16.0,False,1.0,1.0,apc_like_global_orchestrator,23.158282229677383,0.0
90,train,89,398,347,117,2,16.0,False,1.0,1.0,pat_like_traffic_only,144.2466895608774,122069975040.0
90,train,89,398,347,117,2,16.0,False,1.0,1.0,pat_like_global_orchestrator,23.35828222967738,0.0
90,train,89,398,347,117,2,16.0,False,1.0,1.0,waferagent_adaptive,23.158282229677383,0.0
91,train,88,606,696,23,32,4.0,True,1.0,1.0,apc_like,2418.224426879012,20086196428800.0
91,train,88,606,696,23,32,4.0,True,1.0,1.0,apc_like_global_orchestrator,3771.2170650661583,1680736076800.0
91,train,88,606,696,23,32,4.0,True,1.0,1.0,pat_like_traffic_only,2420.4244268790117,20086196428800.0
91,train,88,606,696,23,32,4.0,True,1.0,1.0,pat_like_global_orchestrator,3775.417065066158,1680736076800.0
91,train,88,606,696,23,32,4.0,True,1.0,1.0,waferagent_adaptive,2418.224426879012,20086196428800.0
92,train,74,15886,1032,838,16,2.0,False,1.0,1.0,apc_like,524596.2417210485,4196446450483200.0
92,train,74,15886,1032,838,16,2.0,False,1.0,1.0,apc_like_global_orchestrator,1455318.3099041178,244792709611520.0
92,train,74,15886,1032,838,16,2.0,False,1.0,1.0,pat_like_traffic_only,524596.4417210486,4196446450483200.0
92,train,74,15886,1032,838,16,2.0,False,1.0,1.0,pat_like_global_orchestrator,1455318.3099041178,244792709611520.0
92,train,74,15886,1032,838,16,2.0,False,1.0,1.0,waferagent_adaptive,1420582.6522770708,241302926000128.0
93,train,99,1366,88,143,4,8.0,False,1.0,1.0,apc_like,1551.8968349079328,3072401080320.0
93,train,99,1366,88,143,4,8.0,False,1.0,1.0,apc_like_global_orchestrator,19.891125517532938,0.0
93,train,99,1366,88,143,4,8.0,False,1.0,1.0,pat_like_traffic_only,492.6796228807922,29443843686.0
93,train,99,1366,88,143,4,8.0,False,1.0,1.0,pat_like_global_orchestrator,20.05187975311953,0.0
93,train,99,1366,88,143,4,8.0,False,1.0,1.0,waferagent_adaptive,19.889892671821762,0.0
94,train,13,2724,86,312,4,32.0,False,1.0,1.0,apc_like,6704.418401271298,13367582392320.0
94,train,13,2724,86,312,4,32.0,False,1.0,1.0,apc_like_global_orchestrator,31.988082231297224,0.0
94,train,13,2724,86,312,4,32.0,False,1.0,1.0,pat_like_traffic_only,2582.742824381414,384317993778.0
94,train,13,2724,86,312,4,32.0,False,1.0,1.0,pat_like_global_orchestrator,32.188082231297216,0.0
94,train,13,2724,86,312,4,32.0,False,1.0,1.0,waferagent_adaptive,31.988082231297224,0.0
95,train,83,272,3274,18,4,16.0,True,1.0,1.0,apc_like,124.8468204790092,128345760000.0
95,train,83,272,3274,18,4,16.0,True,1.0,1.0,apc_like_global_orchestrator,36.163604031009136,0.0
95,train,83,272,3274,18,4,16.0,True,1.0,1.0,pat_like_traffic_only,127.0468204790092,128345760000.0
95,train,83,272,3274,18,4,16.0,True,1.0,1.0,pat_like_global_orchestrator,38.363604031009146,0.0
95,train,83,272,3274,18,4,16.0,True,1.0,1.0,waferagent_adaptive,36.163604031009136,0.0
96,validation,10,21306,1404,589,16,1.0,True,1.0,1.0,apc_like,1023024.907475308,4487732367493120.0
96,validation,10,21306,1404,589,16,1.0,True,1.0,1.0,apc_like_global_orchestrator,1384386.0907719596,230986224797440.0
96,validation,10,21306,1404,589,16,1.0,True,1.0,1.0,pat_like_traffic_only,1023027.1074753081,4487732367493120.0
96,validation,10,21306,1404,589,16,1.0,True,1.0,1.0,pat_like_global_orchestrator,1384386.132343106,230986224797440.0
96,validation,10,21306,1404,589,16,1.0,True,1.0,1.0,waferagent_adaptive,1351709.8622090707,227696518399744.0
97,validation,35,11332,370,96,4,4.0,True,1.0,1.0,apc_like,20369.23731087167,29004661043200.0
97,validation,35,11332,370,96,4,4.0,True,1.0,1.0,apc_like_global_orchestrator,77.83775267440352,0.0
97,validation,35,11332,370,96,4,4.0,True,1.0,1.0,pat_like_traffic_only,21758.73561653131,28519856543332.0
97,validation,35,11332,370,96,4,4.0,True,1.0,1.0,pat_like_global_orchestrator,80.31333252144468,0.0
97,validation,35,11332,370,96,4,4.0,True,1.0,1.0,waferagent_adaptive,77.83878627661142,0.0
98,validation,64,1346,1295,164,2,1.0,True,1.0,1.0,apc_like,1782.3053348117844,1736001532800.0
98,validation,64,1346,1295,164,2,1.0,True,1.0,1.0,apc_like_global_orchestrator,51.16765559258262,0.0
98,validation,64,1346,1295,164,2,1.0,True,1.0,1.0,pat_like_traffic_only,1674.5195728169715,1186267739008.0
98,validation,64,1346,1295,164,2,1.0,True,1.0,1.0,pat_like_global_orchestrator,53.32869035617248,0.0
98,validation,64,1346,1295,164,2,1.0,True,1.0,1.0,waferagent_adaptive,51.166690356172495,0.0
99,validation,44,349,160,90,32,8.0,True,1.0,1.0,apc_like,5290.423316473964,43932782182400.0
99,validation,44,349,160,90,32,8.0,True,1.0,1.0,apc_like_global_orchestrator,9019.430041893664,3787633612800.0
99,validation,44,349,160,90,32,8.0,True,1.0,1.0,pat_like_traffic_only,5292.623316473964,43932782182400.0
99,validation,44,349,160,90,32,8.0,True,1.0,1.0,pat_like_global_orchestrator,9021.250041893687,3787633612800.0
99,validation,44,349,160,90,32,8.0,True,1.0,1.0,waferagent_adaptive,46.39081268477147,19814400.0
100,validation,3,277,2890,626,8,1.0,False,1.0,1.0,apc_like,3216.7186109356803,12727762288640.0
100,validation,3,277,2890,626,8,1.0,False,1.0,1.0,apc_like_global_orchestrator,1412.7139943787954,909125877760.0
100,validation,3,277,2890,626,8,1.0,False,1.0,1.0,pat_like_traffic_only,3216.91861093568,12727762288640.0
100,validation,3,277,2890,626,8,1.0,False,1.0,1.0,pat_like_global_orchestrator,1412.9139943787952,909125877760.0
100,validation,3,277,2890,626,8,1.0,False,1.0,1.0,waferagent_adaptive,36.17713969567875,0.0
101,validation,36,457,2434,137,8,4.0,True,1.0,1.0,apc_like,2526.1704106880684,5918113671680.0
101,validation,36,457,2434,137,8,4.0,True,1.0,1.0,apc_like_global_orchestrator,1270.4585548214084,328251649280.0
101,validation,36,457,2434,137,8,4.0,True,1.0,1.0,pat_like_traffic_only,2528.370410688068,5918113671680.0
101,validation,36,457,2434,137,8,4.0,True,1.0,1.0,pat_like_global_orchestrator,1272.6585548214082,328251649280.0
101,validation,36,457,2434,137,8,4.0,True,1.0,1.0,waferagent_adaptive,56.491753998064475,175360.0
102,validation,17,11925,208,48,16,1.0,True,1.0,1.0,apc_like,48170.135668213385,211112289075200.0
102,validation,17,11925,208,48,16,1.0,True,1.0,1.0,apc_like_global_orchestrator,70223.0562233702,10866073702400.0
102,validation,17,11925,208,48,16,1.0,True,1.0,1.0,pat_like_traffic_only,50906.87197369022,210046925373440.0
102,validation,17,11925,208,48,16,1.0,True,1.0,1.0,pat_like_global_orchestrator,70223.0325153831,10866073702400.0
102,validation,17,11925,208,48,16,1.0,True,1.0,1.0,waferagent_adaptive,62942.171156614204,10716022476800.0
103,validation,63,459,151,81,4,32.0,False,1.0,1.0,apc_like,307.33144955446693,584775106560.0
103,validation,63,459,151,81,4,32.0,False,1.0,1.0,apc_like_global_orchestrator,16.271731687666787,0.0
103,validation,63,459,151,81,4,32.0,False,1.0,1.0,pat_like_traffic_only,307.5314495544669,584775106560.0
103,validation,63,459,151,81,4,32.0,False,1.0,1.0,pat_like_global_orchestrator,16.471731687666786,0.0
103,validation,63,459,151,81,4,32.0,False,1.0,1.0,waferagent_adaptive,16.271731687666787,0.0
104,validation,89,2337,141,194,2,1.0,True,1.0,1.0,apc_like,3599.0016465269655,3565509766080.0
104,validation,89,2337,141,194,2,1.0,True,1.0,1.0,apc_like_global_orchestrator,41.23944344736375,0.0
104,validation,89,2337,141,194,2,1.0,True,1.0,1.0,pat_like_traffic_only,3375.3470751958193,2436431702976.0
104,validation,89,2337,141,194,2,1.0,True,1.0,1.0,pat_like_global_orchestrator,43.400522737020395,0.0
104,validation,89,2337,141,194,2,1.0,True,1.0,1.0,waferagent_adaptive,41.2385227370204,0.0
105,validation,106,3413,370,111,8,16.0,True,1.0,1.0,apc_like,15011.84295836469,35823689336320.0
105,validation,106,3413,370,111,8,16.0,True,1.0,1.0,apc_like_global_orchestrator,19872.393688974622,1986228529920.0
105,validation,106,3413,370,111,8,16.0,True,1.0,1.0,pat_like_traffic_only,10138.426881900494,7793041212924.0
105,validation,106,3413,370,111,8,16.0,True,1.0,1.0,pat_like_global_orchestrator,19872.367063715134,1986228529920.0
105,validation,106,3413,370,111,8,16.0,True,1.0,1.0,waferagent_adaptive,56.05162266943286,142080.0
106,validation,46,1092,1653,99,32,1.0,False,1.0,1.0,apc_like,8898.030274519533,141905425858560.0
106,validation,46,1092,1653,99,32,1.0,False,1.0,1.0,apc_like_global_orchestrator,22254.69590379218,12469539962880.0
106,validation,46,1092,1653,99,32,1.0,False,1.0,1.0,pat_like_traffic_only,9965.665739338383,130314421665624.0
106,validation,46,1092,1653,99,32,1.0,False,1.0,1.0,pat_like_global_orchestrator,22200.713693043876,12469539962880.0
106,validation,46,1092,1653,99,32,1.0,False,1.0,1.0,waferagent_adaptive,8898.030274519533,141905425858560.0
107,validation,17,1814,2020,320,8,4.0,True,1.0,1.0,apc_like,22916.53842784537,54819015393280.0
107,validation,17,1814,2020,320,8,4.0,True,1.0,1.0,apc_like_global_orchestrator,29802.23254255756,3043387392000.0
107,validation,17,1814,2020,320,8,4.0,True,1.0,1.0,pat_like_traffic_only,37088.5100749922,13535470977016.0
107,validation,17,1814,2020,320,8,4.0,True,1.0,1.0,pat_like_global_orchestrator,29802.229070641715,3043387392000.0
107,validation,17,1814,2020,320,8,4.0,True,1.0,1.0,waferagent_adaptive,62.15793104537393,409600.0
108,validation,107,16010,320,34,4,32.0,True,1.0,1.0,apc_like,10548.563517487199,15001557510400.0
108,validation,107,16010,320,34,4,32.0,True,1.0,1.0,apc_like_global_orchestrator,64.72273927752208,0.0
108,validation,107,16010,320,34,4,32.0,True,1.0,1.0,pat_like_traffic_only,11365.0106329134,14405803944192.0
108,validation,107,16010,320,34,4,32.0,True,1.0,1.0,pat_like_global_orchestrator,66.89024775699806,0.0
108,validation,107,16010,320,34,4,32.0,True,1.0,1.0,waferagent_adaptive,64.72526247550081,0.0
109,validation,27,7407,151,409,16,8.0,True,1.0,1.0,apc_like,247129.37946923682,1083872754165760.0
109,validation,27,7407,151,409,16,8.0,True,1.0,1.0,apc_like_global_orchestrator,334534.62877359,55787568229120.0
109,validation,27,7407,151,409,16,8.0,True,1.0,1.0,pat_like_traffic_only,265964.8423482773,974120457339192.0
109,validation,27,7407,151,409,16,8.0,True,1.0,1.0,pat_like_global_orchestrator,334534.65526140854,55787568229120.0
109,validation,27,7407,151,409,16,8.0,True,1.0,1.0,waferagent_adaptive,326662.2383386325,54993412680448.0
110,validation,53,2394,86,59,16,1.0,True,1.0,1.0,apc_like,11698.003164493533,51034225162240.0
110,validation,53,2394,86,59,16,1.0,True,1.0,1.0,apc_like_global_orchestrator,15117.492465920765,2591875928320.0
110,validation,53,2394,86,59,16,1.0,True,1.0,1.0,pat_like_traffic_only,11700.203164493532,40709304373657.0
110,validation,53,2394,86,59,16,1.0,True,1.0,1.0,pat_like_global_orchestrator,13246.31431410251,2591875928320.0
110,validation,53,2394,86,59,16,1.0,True,1.0,1.0,waferagent_adaptive,11698.003164493533,51034225162240.0
111,validation,49,24681,507,61,4,4.0,True,1.0,1.0,apc_like,28519.79525064816,40653475216000.0
111,validation,49,24681,507,61,4,4.0,True,1.0,1.0,apc_like_global_orchestrator,88.86223129241363,0.0
111,validation,49,24681,507,61,4,4.0,True,1.0,1.0,pat_like_traffic_only,30441.417073643057,39982538698160.0
111,validation,49,24681,507,61,4,4.0,True,1.0,1.0,pat_like_global_orchestrator,91.34235289723216,0.0
111,validation,49,24681,507,61,4,4.0,True,1.0,1.0,waferagent_adaptive,88.86475449039236,0.0
112,validation,87,31596,1578,865,2,4.0,False,1.0,1.0,apc_like,71846.25130111317,71800287395840.0
112,validation,87,31596,1578,865,2,4.0,False,1.0,1.0,apc_like_global_orchestrator,82.36011353416053,0.0
112,validation,87,31596,1578,865,2,4.0,False,1.0,1.0,pat_like_traffic_only,71846.45130111316,71800287395840.0
112,validation,87,31596,1578,865,2,4.0,False,1.0,1.0,pat_like_global_orchestrator,82.52244154653697,0.0
112,validation,87,31596,1578,865,2,4.0,False,1.0,1.0,waferagent_adaptive,82.36044154653698,0.0
113,validation,38,54570,1478,1066,8,4.0,True,1.0,1.0,apc_like,2291637.445090321,5499676035302400.0
113,validation,38,54570,1478,1066,8,4.0,True,1.0,1.0,apc_like_global_orchestrator,3054776.244202463,305537557516800.0
113,validation,38,54570,1478,1066,8,4.0,True,1.0,1.0,pat_like_traffic_only,2470286.990961,5406655054267340.0
113,validation,38,54570,1478,1066,8,4.0,True,1.0,1.0,pat_like_global_orchestrator,3054776.2681606505,305537557516800.0
113,validation,38,54570,1478,1066,8,4.0,True,1.0,1.0,waferagent_adaptive,3894.313747858869,550734451200.0
114,validation,8,3623,134,101,16,4.0,True,1.0,1.0,apc_like,30077.253126217212,131414708996096.0
114,validation,8,3623,134,101,16,4.0,True,1.0,1.0,apc_like_global_orchestrator,40260.56598713557,6714717228800.0
114,validation,8,3623,134,101,16,4.0,True,1.0,1.0,pat_like_traffic_only,31817.786847960117,104455122955868.0
114,validation,8,3623,134,101,16,4.0,True,1.0,1.0,pat_like_global_orchestrator,41891.329763123904,6714717228800.0
114,validation,8,3623,134,101,16,4.0,True,1.0,1.0,waferagent_adaptive,56.57396187033178,904960.0
115,validation,26,285,189,38,4,1.0,False,1.0,1.0,apc_like,92.65750748087748,170341171200.0
115,validation,26,285,189,38,4,1.0,False,1.0,1.0,apc_like_global_orchestrator,8.304832874877352,0.0
115,validation,26,285,189,38,4,1.0,False,1.0,1.0,pat_like_traffic_only,92.85750748087776,170341171200.0
115,validation,26,285,189,38,4,1.0,False,1.0,1.0,pat_like_global_orchestrator,8.504832874877396,0.0
115,validation,26,285,189,38,4,1.0,False,1.0,1.0,waferagent_adaptive,8.304832874877352,0.0
116,validation,5,463,172,2006,16,32.0,False,1.0,1.0,apc_like,36569.70396064437,292279958896640.0
116,validation,5,463,172,2006,16,32.0,False,1.0,1.0,apc_like_global_orchestrator,100946.31573904195,17043150602240.0
116,validation,5,463,172,2006,16,32.0,False,1.0,1.0,pat_like_traffic_only,36569.90396064438,292279958896640.0
116,validation,5,463,172,2006,16,32.0,False,1.0,1.0,pat_like_global_orchestrator,100946.51573904195,17043150602240.0
116,validation,5,463,172,2006,16,32.0,False,1.0,1.0,waferagent_adaptive,32.115354524363106,0.0
117,validation,85,463,1720,205,2,8.0,True,1.0,1.0,apc_like,794.392432132769,746442031200.0
117,validation,85,463,1720,205,2,8.0,True,1.0,1.0,apc_like_global_orchestrator,49.619382317968665,0.0
117,validation,85,463,1720,205,2,8.0,True,1.0,1.0,pat_like_traffic_only,796.5924321327689,746442031200.0
117,validation,85,463,1720,205,2,8.0,True,1.0,1.0,pat_like_global_orchestrator,51.81938231796867,0.0
117,validation,85,463,1720,205,2,8.0,True,1.0,1.0,waferagent_adaptive,49.619382317968665,0.0
118,validation,14,3041,217,1233,32,4.0,True,1.0,1.0,apc_like,619863.7634400707,5193756289966080.0
118,validation,14,3041,217,1233,32,4.0,True,1.0,1.0,apc_like_global_orchestrator,1251277.0186637274,452146363767808.0
118,validation,14,3041,217,1233,32,4.0,True,1.0,1.0,pat_like_traffic_only,619863.4164759114,4569870602005478.0
118,validation,14,3041,217,1233,32,4.0,True,1.0,1.0,pat_like_global_orchestrator,1251277.5266374813,452146363767808.0
118,validation,14,3041,217,1233,32,4.0,True,1.0,1.0,waferagent_adaptive,46791.670787443436,2949039922176.0
119,validation,53,38549,471,298,16,1.0,True,1.0,1.0,apc_like,939554.610478641,4121538497843200.0
119,validation,53,38549,471,298,16,1.0,True,1.0,1.0,apc_like_global_orchestrator,1271114.048024788,212138010918400.0
119,validation,53,38549,471,298,16,1.0,True,1.0,1.0,pat_like_traffic_only,939556.8104786411,4121538497843200.0
119,validation,53,38549,471,298,16,1.0,True,1.0,1.0,pat_like_global_orchestrator,1271114.0959627703,212138010918400.0
119,validation,53,38549,471,298,16,1.0,True,1.0,1.0,waferagent_adaptive,939554.610478641,4121538497843200.0
120,validation,114,655,506,949,4,16.0,True,1.0,1.0,apc_like,11470.126286496286,16294743004800.0
120,validation,114,655,506,949,4,16.0,True,1.0,1.0,apc_like_global_orchestrator,65.83518169428584,0.0
120,validation,114,655,506,949,4,16.0,True,1.0,1.0,pat_like_traffic_only,11472.326286496287,16294743004800.0
120,validation,114,655,506,949,4,16.0,True,1.0,1.0,pat_like_global_orchestrator,68.03518169428585,0.0
120,validation,114,655,506,949,4,16.0,True,1.0,1.0,waferagent_adaptive,65.83518169428584,0.0
121,validation,120,4778,360,74,8,8.0,False,1.0,1.0,apc_like,6610.904361556613,26353063690240.0
121,validation,120,4778,360,74,8,8.0,False,1.0,1.0,apc_like_global_orchestrator,16998.749046414046,1882361692160.0
121,validation,120,4778,360,74,8,8.0,False,1.0,1.0,pat_like_traffic_only,6611.104361556613,26353063690240.0
121,validation,120,4778,360,74,8,8.0,False,1.0,1.0,pat_like_global_orchestrator,16998.739430411606,1882361692160.0
121,validation,120,4778,360,74,8,8.0,False,1.0,1.0,waferagent_adaptive,47.0611006990596,28626124800.0
122,validation,83,42788,637,24,4,8.0,True,1.0,1.0,apc_like,20396.243297241235,29055831321600.0
122,validation,83,42788,637,24,4,8.0,True,1.0,1.0,apc_like_global_orchestrator,107.77387382857962,0.0
122,validation,83,42788,637,24,4,8.0,True,1.0,1.0,pat_like_traffic_only,21706.61035101062,28598193328740.0
122,validation,83,42788,637,24,4,8.0,True,1.0,1.0,pat_like_global_orchestrator,109.9413823080556,0.0
122,validation,83,42788,637,24,4,8.0,True,1.0,1.0,waferagent_adaptive,107.77639702655836,0.0
123,validation,89,2734,3292,105,2,8.0,True,1.0,1.0,apc_like,2310.3764534754437,2257610392800.0
123,validation,89,2734,3292,105,2,8.0,True,1.0,1.0,apc_like_global_orchestrator,60.790102982311716,0.0
123,validation,89,2734,3292,105,2,8.0,True,1.0,1.0,pat_like_traffic_only,2212.4131106721434,1490022876384.0
123,validation,89,2734,3292,105,2,8.0,True,1.0,1.0,pat_like_global_orchestrator,62.95051306223798,0.0
123,validation,89,2734,3292,105,2,8.0,True,1.0,1.0,waferagent_adaptive,60.78851306223797,0.0
124,validation,3,16602,255,1102,8,1.0,True,1.0,1.0,apc_like,720638.7149616786,1729317939932160.0
124,validation,3,16602,255,1102,8,1.0,True,1.0,1.0,apc_like_global_orchestrator,959421.5216940398,96073218885120.0
124,validation,3,16602,255,1102,8,1.0,True,1.0,1.0,pat_like_traffic_only,720640.9149616786,1729317939932160.0
124,validation,3,16602,255,1102,8,1.0,True,1.0,1.0,pat_like_global_orchestrator,959421.5313552442,96073218885120.0
124,validation,3,16602,255,1102,8,1.0,True,1.0,1.0,waferagent_adaptive,222.3253715013637,152611161600.0
125,validation,21,5439,228,51,4,1.0,True,1.0,1.0,apc_like,5255.831239833768,7449372425600.0
125,validation,21,5439,228,51,4,1.0,True,1.0,1.0,apc_like_global_orchestrator,47.65795705561833,0.0
125,validation,21,5439,228,51,4,1.0,True,1.0,1.0,pat_like_traffic_only,5258.031239833769,7449372425600.0
125,validation,21,5439,228,51,4,1.0,True,1.0,1.0,pat_like_global_orchestrator,49.822078976203954,0.0
125,validation,21,5439,228,51,4,1.0,True,1.0,1.0,waferagent_adaptive,47.65899065782623,0.0
126,validation,6,521,486,44,2,1.0,False,1.0,1.0,apc_like,69.69286544087754,60093890560.0
126,validation,6,521,486,44,2,1.0,False,1.0,1.0,apc_like_global_orchestrator,11.567133720877383,0.0
126,validation,6,521,486,44,2,1.0,False,1.0,1.0,pat_like_traffic_only,69.89286544087754,60093890560.0
126,validation,6,521,486,44,2,1.0,False,1.0,1.0,pat_like_global_orchestrator,11.76713372087734,0.0
126,validation,6,521,486,44,2,1.0,False,1.0,1.0,waferagent_adaptive,11.567133720877383,0.0
127,validation,10,4233,218,68,32,32.0,True,1.0,1.0,apc_like,48300.61624283563,404459427102720.0
127,validation,10,4233,218,68,32,32.0,True,1.0,1.0,apc_like_global_orchestrator,100557.08382037167,35237002506240.0
127,validation,10,4233,218,68,32,32.0,True,1.0,1.0,pat_like_traffic_only,51902.00360569102,351517205888723.0
127,validation,10,4233,218,68,32,32.0,True,1.0,1.0,pat_like_global_orchestrator,100567.0838203717,35237002506240.0
127,validation,10,4233,218,68,32,32.0,True,1.0,1.0,waferagent_adaptive,96613.70970903103,33841055821824.0
128,test,114,444,323,1135,2,8.0,True,1.0,1.0,apc_like,4026.9637103979476,3963145965600.0
128,test,114,444,323,1135,2,8.0,True,1.0,1.0,apc_like_global_orchestrator,65.13507892594707,0.0
128,test,114,444,323,1135,2,8.0,True,1.0,1.0,pat_like_traffic_only,4029.163710397948,3963145965600.0
128,test,114,444,323,1135,2,8.0,True,1.0,1.0,pat_like_global_orchestrator,67.33507892594707,0.0
128,test,114,444,323,1135,2,8.0,True,1.0,1.0,waferagent_adaptive,65.13507892594707,0.0
129,test,123,4615,116,27,8,16.0,False,1.0,1.0,apc_like,2394.033999284485,9522884116480.0
129,test,123,4615,116,27,8,16.0,False,1.0,1.0,apc_like_global_orchestrator,5917.6124557948015,680206008320.0
129,test,123,4615,116,27,8,16.0,False,1.0,1.0,pat_like_traffic_only,2394.233999284485,9522884116480.0
129,test,123,4615,116,27,8,16.0,False,1.0,1.0,pat_like_global_orchestrator,5917.601767787924,680206008320.0
129,test,123,4615,116,27,8,16.0,False,1.0,1.0,waferagent_adaptive,38.705963940963514,26916945920.0
130,test,11,1145,126,76,32,8.0,True,1.0,1.0,apc_like,14598.483639994003,121947027374080.0
130,test,11,1145,126,76,32,8.0,True,1.0,1.0,apc_like_global_orchestrator,27484.300713760917,10493431336960.0
130,test,11,1145,126,76,32,8.0,True,1.0,1.0,pat_like_traffic_only,27075.627638706454,111240322710642.0
130,test,11,1145,126,76,32,8.0,True,1.0,1.0,pat_like_global_orchestrator,27486.06918720107,10493431336960.0
130,test,11,1145,126,76,32,8.0,True,1.0,1.0,waferagent_adaptive,42.25094251397163,16732160.0
131,test,59,817,662,78,2,8.0,False,1.0,1.0,apc_like,183.29674575950457,167053885440.0
131,test,59,817,662,78,2,8.0,False,1.0,1.0,apc_like_global_orchestrator,18.862925399104565,0.0
131,test,59,817,662,78,2,8.0,False,1.0,1.0,pat_like_traffic_only,183.4967457595047,167053885440.0
131,test,59,817,662,78,2,8.0,False,1.0,1.0,pat_like_global_orchestrator,19.062925399104575,0.0
131,test,59,817,662,78,2,8.0,False,1.0,1.0,waferagent_adaptive,18.862925399104565,0.0
132,test,11,534,587,1690,32,8.0,True,1.0,1.0,apc_like,149287.05606074163,1249815432806400.0
132,test,11,534,587,1690,32,8.0,True,1.0,1.0,apc_like_global_orchestrator,300550.54205043154,108824630220800.0
132,test,11,534,587,1690,32,8.0,True,1.0,1.0,pat_like_traffic_only,149287.45606074162,1249815432806400.0
132,test,11,534,587,1690,32,8.0,True,1.0,1.0,pat_like_global_orchestrator,300551.3040504316,108824630220800.0
132,test,11,534,587,1690,32,8.0,True,1.0,1.0,waferagent_adaptive,159.0934380218084,372070400.0
133,test,66,329,81,429,2,32.0,True,1.0,1.0,apc_like,1155.3912306538707,1109978195040.0
133,test,66,329,81,429,2,32.0,True,1.0,1.0,apc_like_global_orchestrator,46.34414769907069,0.0
133,test,66,329,81,429,2,32.0,True,1.0,1.0,pat_like_traffic_only,1157.5912306538708,1109978195040.0
133,test,66,329,81,429,2,32.0,True,1.0,1.0,pat_like_global_orchestrator,48.54414769907069,0.0
133,test,66,329,81,429,2,32.0,True,1.0,1.0,waferagent_adaptive,46.34414769907069,0.0
134,test,122,442,937,486,8,4.0,True,1.0,1.0,apc_like,8515.523708814242,20281484303360.0
134,test,122,442,937,486,8,4.0,True,1.0,1.0,apc_like_global_orchestrator,10081.644599669378,1126234160640.0
134,test,122,442,937,486,8,4.0,True,1.0,1.0,pat_like_traffic_only,8517.723708814241,20281484303360.0
134,test,122,442,937,486,8,4.0,True,1.0,1.0,pat_like_global_orchestrator,10083.844599669377,1126234160640.0
134,test,122,442,937,486,8,4.0,True,1.0,1.0,waferagent_adaptive,60.93378482384593,622080.0
135,test,7,19240,109,1229,8,2.0,True,1.0,1.0,apc_like,931242.3357647996,2234757663429120.0
135,test,7,19240,109,1229,8,2.0,True,1.0,1.0,apc_like_global_orchestrator,1240911.8291684354,124153203523840.0
135,test,7,19240,109,1229,8,2.0,True,1.0,1.0,pat_like_traffic_only,931244.5357647997,2234757663429120.0
135,test,7,19240,109,1229,8,2.0,True,1.0,1.0,pat_like_global_orchestrator,1240911.847676505,124153203523840.0
135,test,7,19240,109,1229,8,2.0,True,1.0,1.0,waferagent_adaptive,303.8302927650726,180272759040.0
136,test,99,1046,365,213,4,2.0,False,1.0,1.0,apc_like,1770.5170175020169,3504309534720.0
136,test,99,1046,365,213,4,2.0,False,1.0,1.0,apc_like_global_orchestrator,21.629769194816824,0.0
136,test,99,1046,365,213,4,2.0,False,1.0,1.0,pat_like_traffic_only,562.4020552896677,33582966374.0
136,test,99,1046,365,213,4,2.0,False,1.0,1.0,pat_like_global_orchestrator,21.790989072319032,0.0
136,test,99,1046,365,213,4,2.0,False,1.0,1.0,waferagent_adaptive,21.629057987602494,0.0
137,test,44,18705,174,197,16,2.0,False,1.0,1.0,apc_like,146239.46827352207,1169644270387200.0
137,test,44,18705,174,197,16,2.0,False,1.0,1.0,apc_like_global_orchestrator,400695.73394927307,68229249105920.0
137,test,44,18705,174,197,16,2.0,False,1.0,1.0,pat_like_traffic_only,146239.66827352205,1118761774645248.0
137,test,44,18705,174,197,16,2.0,False,1.0,1.0,pat_like_global_orchestrator,400695.73394927307,68229249105920.0
137,test,44,18705,174,197,16,2.0,False,1.0,1.0,waferagent_adaptive,146239.46827352207,1169644270387200.0
138,test,12,1556,4023,83,2,32.0,True,1.0,1.0,apc_like,1067.7017783845822,1015661239200.0
138,test,12,1556,4023,83,2,32.0,True,1.0,1.0,apc_like_global_orchestrator,57.7532860791279,0.0
138,test,12,1556,4023,83,2,32.0,True,1.0,1.0,pat_like_traffic_only,1024.539230757246,614475065452.0
138,test,12,1556,4023,83,2,32.0,True,1.0,1.0,pat_like_global_orchestrator,60.16377130999868,0.0
138,test,12,1556,4023,83,2,32.0,True,1.0,1.0,waferagent_adaptive,57.7532860791279,0.0
139,test,87,4395,291,44,32,16.0,True,1.0,1.0,apc_like,32747.38938162972,274158307737600.0
139,test,87,4395,291,44,32,16.0,True,1.0,1.0,apc_like_global_orchestrator,68137.40517632698,23885008588800.0
139,test,87,4395,291,44,32,16.0,True,1.0,1.0,pat_like_traffic_only,35167.546648618154,228714203282102.0
139,test,87,4395,291,44,32,16.0,True,1.0,1.0,pat_like_global_orchestrator,68149.40517632698,23885008588800.0
139,test,87,4395,291,44,32,16.0,True,1.0,1.0,waferagent_adaptive,32747.38938162972,274158307737600.0
140,test,77,2233,182,966,2,16.0,True,1.0,1.0,apc_like,17018.18197417867,16963952120640.0
140,test,77,2233,182,966,2,16.0,True,1.0,1.0,apc_like_global_orchestrator,61.62157700546823,0.0
140,test,77,2233,182,966,2,16.0,True,1.0,1.0,pat_like_traffic_only,16268.067559914685,10545923743756.0
140,test,77,2233,182,966,2,16.0,True,1.0,1.0,pat_like_global_orchestrator,63.805556831844676,0.0
140,test,77,2233,182,966,2,16.0,True,1.0,1.0,waferagent_adaptive,61.62131701198688,0.0
141,test,58,1549,123,21,32,32.0,True,1.0,1.0,apc_like,5638.97971129353,47054383554560.0
141,test,58,1549,123,21,32,32.0,True,1.0,1.0,apc_like_global_orchestrator,10476.971382552829,3922554424320.0
141,test,58,1549,123,21,32,32.0,True,1.0,1.0,pat_like_traffic_only,11649.505514447123,36451774078477.0
141,test,58,1549,123,21,32,32.0,True,1.0,1.0,pat_like_global_orchestrator,10393.404694871251,3922554424320.0
141,test,58,1549,123,21,32,32.0,True,1.0,1.0,waferagent_adaptive,15.799461526219265,4623360.0
142,test,45,10688,2282,118,16,16.0,True,1.0,1.0,apc_like,103966.65042037977,455792687411200.0
142,test,45,10688,2282,118,16,16.0,True,1.0,1.0,apc_like_global_orchestrator,140619.7636219879,23459917734400.0
142,test,45,10688,2282,118,16,16.0,True,1.0,1.0,pat_like_traffic_only,110395.06407534955,425839256655444.0
142,test,45,10688,2282,118,16,16.0,True,1.0,1.0,pat_like_global_orchestrator,140619.7937967489,23459917734400.0
142,test,45,10688,2282,118,16,16.0,True,1.0,1.0,waferagent_adaptive,103966.65042037977,455792687411200.0
143,test,55,11762,566,701,2,1.0,True,1.0,1.0,apc_like,65073.26710764314,64995380765280.0
143,test,55,11762,566,701,2,1.0,True,1.0,1.0,apc_like_global_orchestrator,89.28993862191732,0.0
143,test,55,11762,566,701,2,1.0,True,1.0,1.0,pat_like_traffic_only,65075.46710764314,64995380765280.0
143,test,55,11762,566,701,2,1.0,True,1.0,1.0,pat_like_global_orchestrator,91.45213557075783,0.0
143,test,55,11762,566,701,2,1.0,True,1.0,1.0,waferagent_adaptive,89.29013557075784,0.0
144,test,57,11521,4091,539,16,4.0,True,1.0,1.0,apc_like,506262.23964082304,2220653479966720.0
144,test,57,11521,4091,539,16,4.0,True,1.0,1.0,apc_like_global_orchestrator,685392.7719055639,114298340880640.0
144,test,57,11521,4091,539,16,4.0,True,1.0,1.0,pat_like_traffic_only,537911.4948120492,2166364122455650.0
144,test,57,11521,4091,539,16,4.0,True,1.0,1.0,pat_like_global_orchestrator,685392.804155864,114298340880640.0
144,test,57,11521,4091,539,16,4.0,True,1.0,1.0,waferagent_adaptive,506262.23964082304,2220653479966720.0
145,test,53,10483,82,118,8,16.0,False,1.0,1.0,apc_like,23043.441971913213,92034018836480.0
145,test,53,10483,82,118,8,16.0,False,1.0,1.0,apc_like_global_orchestrator,64321.709954593134,6573858488320.0
145,test,53,10483,82,118,8,16.0,False,1.0,1.0,pat_like_traffic_only,25801.505934032786,92188047350167.0
145,test,53,10483,82,118,8,16.0,False,1.0,1.0,pat_like_global_orchestrator,64321.71507458742,6573858488320.0
145,test,53,10483,82,118,8,16.0,False,1.0,1.0,waferagent_adaptive,269.76747773426865,88447385600.0
146,test,92,10157,946,143,8,2.0,True,1.0,1.0,apc_like,57811.58378592706,138600999175680.0
146,test,92,10157,946,143,8,2.0,True,1.0,1.0,apc_like_global_orchestrator,73045.53691988527,7700055509760.0
146,test,92,10157,946,143,8,2.0,True,1.0,1.0,pat_like_traffic_only,61051.919873498824,137411151316460.0
146,test,92,10157,946,143,8,2.0,True,1.0,1.0,pat_like_global_orchestrator,73045.53614035,7700055509760.0
146,test,92,10157,946,143,8,2.0,True,1.0,1.0,waferagent_adaptive,142.71672465064617,85029210880.0
147,test,59,9476,1467,74,4,4.0,True,1.0,1.0,apc_like,13194.851179101775,18771607788800.0
147,test,59,9476,1467,74,4,4.0,True,1.0,1.0,apc_like_global_orchestrator,64.87342442630035,0.0
147,test,59,9476,1467,74,4,4.0,True,1.0,1.0,pat_like_traffic_only,14248.892914616847,18500470834021.0
147,test,59,9476,1467,74,4,4.0,True,1.0,1.0,pat_like_global_orchestrator,67.34887659236935,0.0
147,test,59,9476,1467,74,4,4.0,True,1.0,1.0,waferagent_adaptive,64.8743485862593,0.0
148,test,120,33197,75,151,8,32.0,True,1.0,1.0,apc_like,199636.55434830833,478941338211840.0
148,test,120,33197,75,151,8,32.0,True,1.0,1.0,apc_like_global_orchestrator,266034.2927078789,26607852122880.0
148,test,120,33197,75,151,8,32.0,True,1.0,1.0,pat_like_traffic_only,215031.76701025537,463435411926916.0
148,test,120,33197,75,151,8,32.0,True,1.0,1.0,pat_like_global_orchestrator,266034.34607667726,26607852122880.0
148,test,120,33197,75,151,8,32.0,True,1.0,1.0,waferagent_adaptive,3221.978794279027,326621131520.0
149,test,31,6901,2611,1392,2,1.0,False,1.0,1.0,apc_like,25248.256118228863,25207499653120.0
149,test,31,6901,2611,1392,2,1.0,False,1.0,1.0,apc_like_global_orchestrator,49.27095934241619,0.0
149,test,31,6901,2611,1392,2,1.0,False,1.0,1.0,pat_like_traffic_only,25248.45611822886,25207499653120.0
149,test,31,6901,2611,1392,2,1.0,False,1.0,1.0,pat_like_global_orchestrator,49.43306255894644,0.0
149,test,31,6901,2611,1392,2,1.0,False,1.0,1.0,waferagent_adaptive,49.27106255894645,0.0
150,test,128,32671,96,1021,2,32.0,True,1.0,1.0,apc_like,262909.6712242747,262812496525920.0
150,test,128,32671,96,1021,2,32.0,True,1.0,1.0,apc_like_global_orchestrator,134.6071805049628,0.0
150,test,128,32671,96,1021,2,32.0,True,1.0,1.0,pat_like_traffic_only,286651.5658613142,256035616547012.0
150,test,128,32671,96,1021,2,32.0,True,1.0,1.0,pat_like_global_orchestrator,136.7694625611806,0.0
150,test,128,32671,96,1021,2,32.0,True,1.0,1.0,waferagent_adaptive,134.6074625611806,0.0
151,test,23,3250,378,61,2,16.0,False,1.0,1.0,apc_like,531.9074075254932,519700480000.0
151,test,23,3250,378,61,2,16.0,False,1.0,1.0,apc_like_global_orchestrator,24.004750125493153,0.0
151,test,23,3250,378,61,2,16.0,False,1.0,1.0,pat_like_traffic_only,433.3244512850287,25985024000.0
151,test,23,3250,378,61,2,16.0,False,1.0,1.0,pat_like_global_orchestrator,24.164923085029468,0.0
151,test,23,3250,378,61,2,16.0,False,1.0,1.0,waferagent_adaptive,24.002923085029465,0.0
152,test,88,4083,4023,1890,8,32.0,True,1.0,1.0,apc_like,303622.24068513187,728340891202560.0
152,test,88,4083,4023,1890,8,32.0,True,1.0,1.0,apc_like_global_orchestrator,404646.78332356707,40458625804800.0
152,test,88,4083,4023,1890,8,32.0,True,1.0,1.0,pat_like_traffic_only,204318.2538418462,149276843996160.0
152,test,88,4083,4023,1890,8,32.0,True,1.0,1.0,pat_like_global_orchestrator,404646.8056441644,40458625804800.0
152,test,88,4083,4023,1890,8,32.0,True,1.0,1.0,waferagent_adaptive,107.06582908028082,2419200.0
153,test,32,22880,197,279,32,16.0,True,1.0,1.0,apc_like,1061203.0021123765,8893228111257600.0
153,test,32,22880,197,279,32,16.0,True,1.0,1.0,apc_like_global_orchestrator,2162938.1953248633,774788841292800.0
153,test,32,22880,197,279,32,16.0,True,1.0,1.0,pat_like_traffic_only,1130019.3003970147,8314565884009880.0
153,test,32,22880,197,279,32,16.0,True,1.0,1.0,pat_like_global_orchestrator,2162945.815324863,774788841292800.0
153,test,32,22880,197,279,32,16.0,True,1.0,1.0,waferagent_adaptive,1061203.0021123765,8893228111257600.0
154,test,55,523,2582,553,4,4.0,True,1.0,1.0,apc_like,5375.138193268928,7581704323200.0
154,test,55,523,2582,553,4,4.0,True,1.0,1.0,apc_like_global_orchestrator,70.04146617572633,0.0
154,test,55,523,2582,553,4,4.0,True,1.0,1.0,pat_like_traffic_only,5377.338193268928,7581704323200.0
154,test,55,523,2582,553,4,4.0,True,1.0,1.0,pat_like_global_orchestrator,72.24146617572632,0.0
154,test,55,523,2582,553,4,4.0,True,1.0,1.0,waferagent_adaptive,70.04146617572633,0.0
155,test,52,1462,410,27,2,4.0,False,1.0,1.0,apc_like,109.80263056549347,103478722560.0
155,test,52,1462,410,27,2,4.0,False,1.0,1.0,apc_like_global_orchestrator,11.05935641669317,0.0
155,test,52,1462,410,27,2,4.0,False,1.0,1.0,pat_like_traffic_only,90.30180823862935,5173936128.0
155,test,52,1462,410,27,2,4.0,False,1.0,1.0,pat_like_global_orchestrator,11.219529376229486,0.0
155,test,52,1462,410,27,2,4.0,False,1.0,1.0,waferagent_adaptive,11.057529376229484,0.0
156,test,62,26057,181,422,2,4.0,False,1.0,1.0,apc_like,28993.060270070095,28951372103680.0
156,test,62,26057,181,422,2,4.0,False,1.0,1.0,apc_like_global_orchestrator,70.38258402721738,0.0
156,test,62,26057,181,422,2,4.0,False,1.0,1.0,pat_like_traffic_only,28993.260270070095,28951372103680.0
156,test,62,26057,181,422,2,4.0,False,1.0,1.0,pat_like_global_orchestrator,70.54527854349323,0.0
156,test,62,26057,181,422,2,4.0,False,1.0,1.0,waferagent_adaptive,70.38327854349323,0.0
157,test,8,4754,2033,371,2,4.0,False,1.0,1.0,apc_like,4668.347913468447,4637710090240.0
157,test,8,4754,2033,371,2,4.0,False,1.0,1.0,apc_like_global_orchestrator,37.552354908946306,0.0
157,test,8,4754,2033,371,2,4.0,False,1.0,1.0,pat_like_traffic_only,4668.547913468447,4637710090240.0
157,test,8,4754,2033,371,2,4.0,False,1.0,1.0,pat_like_global_orchestrator,37.752354908946344,0.0
157,test,8,4754,2033,371,2,4.0,False,1.0,1.0,waferagent_adaptive,37.552354908946306,0.0
158,test,30,1019,77,1064,4,4.0,False,1.0,1.0,apc_like,8552.397831545859,17053243146240.0
158,test,30,1019,77,1064,4,4.0,False,1.0,1.0,apc_like_global_orchestrator,28.820059917459137,0.0
158,test,30,1019,77,1064,4,4.0,False,1.0,1.0,pat_like_traffic_only,8552.597831545858,17053243146240.0
158,test,30,1019,77,1064,4,4.0,False,1.0,1.0,pat_like_global_orchestrator,29.020059917459136,0.0
158,test,30,1019,77,1064,4,4.0,False,1.0,1.0,waferagent_adaptive,28.820059917459137,0.0
159,test,24,63865,948,105,32,2.0,True,1.0,1.0,apc_like,1127982.9421741962,9452793118433280.0
159,test,24,63865,948,105,32,2.0,True,1.0,1.0,apc_like_global_orchestrator,2333473.5067550912,823538805160960.0
159,test,24,63865,948,105,32,2.0,True,1.0,1.0,pat_like_traffic_only,1127985.1421741962,9430775523778508.0
159,test,24,63865,948,105,32,2.0,True,1.0,1.0,pat_like_global_orchestrator,2333481.5067550912,823538805160960.0
159,test,24,63865,948,105,32,2.0,True,1.0,1.0,waferagent_adaptive,1127982.9421741962,9452793118433280.0
