naive_kv_bytes,shared_kv_bytes,unique_shared_tokens,logical_shared_tokens,kv_saving_ratio,kv_duplication_ratio,job_id,workload
2550136832.0,1442840576.0,1280.0,9728.0,0.4342105263157895,1.7674418604651163,debate_job_0,debate
2550136832.0,1442840576.0,1280.0,9728.0,0.4342105263157895,1.7674418604651163,debate_job_1,debate
2550136832.0,1442840576.0,1280.0,9728.0,0.4342105263157895,1.7674418604651163,debate_job_2,debate
2550136832.0,1442840576.0,1280.0,9728.0,0.4342105263157895,1.7674418604651163,debate_job_3,debate
2550136832.0,1442840576.0,1280.0,9728.0,0.4342105263157895,1.7674418604651163,debate_job_4,debate
2550136832.0,1442840576.0,1280.0,9728.0,0.4342105263157895,1.7674418604651163,debate_job_5,debate
2550136832.0,1442840576.0,1280.0,9728.0,0.4342105263157895,1.7674418604651163,debate_job_6,debate
2550136832.0,1442840576.0,1280.0,9728.0,0.4342105263157895,1.7674418604651163,debate_job_7,debate
2550136832.0,1442840576.0,1280.0,9728.0,0.4342105263157895,1.7674418604651163,debate_job_8,debate
2550136832.0,1442840576.0,1280.0,9728.0,0.4342105263157895,1.7674418604651163,debate_job_9,debate
2550136832.0,1442840576.0,1280.0,9728.0,0.4342105263157895,1.7674418604651163,debate_job_10,debate
2550136832.0,1442840576.0,1280.0,9728.0,0.4342105263157895,1.7674418604651163,debate_job_11,debate
2550136832.0,1442840576.0,1280.0,9728.0,0.4342105263157895,1.7674418604651163,debate_job_12,debate
2550136832.0,1442840576.0,1280.0,9728.0,0.4342105263157895,1.7674418604651163,debate_job_13,debate
2550136832.0,1442840576.0,1280.0,9728.0,0.4342105263157895,1.7674418604651163,debate_job_14,debate
2550136832.0,1442840576.0,1280.0,9728.0,0.4342105263157895,1.7674418604651163,debate_job_15,debate
2550136832.0,1442840576.0,1280.0,9728.0,0.4342105263157895,1.7674418604651163,debate_job_16,debate
2550136832.0,1442840576.0,1280.0,9728.0,0.4342105263157895,1.7674418604651163,debate_job_17,debate
2550136832.0,1442840576.0,1280.0,9728.0,0.4342105263157895,1.7674418604651163,debate_job_18,debate
2550136832.0,1442840576.0,1280.0,9728.0,0.4342105263157895,1.7674418604651163,debate_job_19,debate
2550136832.0,1442840576.0,1280.0,9728.0,0.4342105263157895,1.7674418604651163,debate_job_20,debate
2550136832.0,1442840576.0,1280.0,9728.0,0.4342105263157895,1.7674418604651163,debate_job_21,debate
2550136832.0,1442840576.0,1280.0,9728.0,0.4342105263157895,1.7674418604651163,debate_job_22,debate
2550136832.0,1442840576.0,1280.0,9728.0,0.4342105263157895,1.7674418604651163,debate_job_23,debate
2550136832.0,1442840576.0,1280.0,9728.0,0.4342105263157895,1.7674418604651163,debate_job_24,debate
2550136832.0,1442840576.0,1280.0,9728.0,0.4342105263157895,1.7674418604651163,debate_job_25,debate
2550136832.0,1442840576.0,1280.0,9728.0,0.4342105263157895,1.7674418604651163,debate_job_26,debate
2550136832.0,1442840576.0,1280.0,9728.0,0.4342105263157895,1.7674418604651163,debate_job_27,debate
2550136832.0,1442840576.0,1280.0,9728.0,0.4342105263157895,1.7674418604651163,debate_job_28,debate
2550136832.0,1442840576.0,1280.0,9728.0,0.4342105263157895,1.7674418604651163,debate_job_29,debate
2550136832.0,1442840576.0,1280.0,9728.0,0.4342105263157895,1.7674418604651163,debate_job_30,debate
2550136832.0,1442840576.0,1280.0,9728.0,0.4342105263157895,1.7674418604651163,debate_job_31,debate
2550136832.0,1442840576.0,1280.0,9728.0,0.4342105263157895,1.7674418604651163,debate_job_32,debate
2550136832.0,1442840576.0,1280.0,9728.0,0.4342105263157895,1.7674418604651163,debate_job_33,debate
2550136832.0,1442840576.0,1280.0,9728.0,0.4342105263157895,1.7674418604651163,debate_job_34,debate
2550136832.0,1442840576.0,1280.0,9728.0,0.4342105263157895,1.7674418604651163,debate_job_35,debate
2550136832.0,1442840576.0,1280.0,9728.0,0.4342105263157895,1.7674418604651163,debate_job_36,debate
2550136832.0,1442840576.0,1280.0,9728.0,0.4342105263157895,1.7674418604651163,debate_job_37,debate
2550136832.0,1442840576.0,1280.0,9728.0,0.4342105263157895,1.7674418604651163,debate_job_38,debate
2550136832.0,1442840576.0,1280.0,9728.0,0.4342105263157895,1.7674418604651163,debate_job_39,debate
2550136832.0,1442840576.0,1280.0,9728.0,0.4342105263157895,1.7674418604651163,debate_job_40,debate
2550136832.0,1442840576.0,1280.0,9728.0,0.4342105263157895,1.7674418604651163,debate_job_41,debate
2550136832.0,1442840576.0,1280.0,9728.0,0.4342105263157895,1.7674418604651163,debate_job_42,debate
2550136832.0,1442840576.0,1280.0,9728.0,0.4342105263157895,1.7674418604651163,debate_job_43,debate
2550136832.0,1442840576.0,1280.0,9728.0,0.4342105263157895,1.7674418604651163,debate_job_44,debate
2550136832.0,1442840576.0,1280.0,9728.0,0.4342105263157895,1.7674418604651163,debate_job_45,debate
2550136832.0,1442840576.0,1280.0,9728.0,0.4342105263157895,1.7674418604651163,debate_job_46,debate
2550136832.0,1442840576.0,1280.0,9728.0,0.4342105263157895,1.7674418604651163,debate_job_47,debate
2550136832.0,1442840576.0,1280.0,9728.0,0.4342105263157895,1.7674418604651163,debate_job_48,debate
2550136832.0,1442840576.0,1280.0,9728.0,0.4342105263157895,1.7674418604651163,debate_job_49,debate
2751463424.0,1543503872.0,1280.0,10496.0,0.4390243902439024,1.7826086956521738,moa_job_0,moa
2751463424.0,1543503872.0,1280.0,10496.0,0.4390243902439024,1.7826086956521738,moa_job_1,moa
2751463424.0,1543503872.0,1280.0,10496.0,0.4390243902439024,1.7826086956521738,moa_job_2,moa
2751463424.0,1543503872.0,1280.0,10496.0,0.4390243902439024,1.7826086956521738,moa_job_3,moa
2751463424.0,1543503872.0,1280.0,10496.0,0.4390243902439024,1.7826086956521738,moa_job_4,moa
2751463424.0,1543503872.0,1280.0,10496.0,0.4390243902439024,1.7826086956521738,moa_job_5,moa
2751463424.0,1543503872.0,1280.0,10496.0,0.4390243902439024,1.7826086956521738,moa_job_6,moa
2751463424.0,1543503872.0,1280.0,10496.0,0.4390243902439024,1.7826086956521738,moa_job_7,moa
2751463424.0,1543503872.0,1280.0,10496.0,0.4390243902439024,1.7826086956521738,moa_job_8,moa
2751463424.0,1543503872.0,1280.0,10496.0,0.4390243902439024,1.7826086956521738,moa_job_9,moa
2751463424.0,1543503872.0,1280.0,10496.0,0.4390243902439024,1.7826086956521738,moa_job_10,moa
2751463424.0,1543503872.0,1280.0,10496.0,0.4390243902439024,1.7826086956521738,moa_job_11,moa
2751463424.0,1543503872.0,1280.0,10496.0,0.4390243902439024,1.7826086956521738,moa_job_12,moa
2751463424.0,1543503872.0,1280.0,10496.0,0.4390243902439024,1.7826086956521738,moa_job_13,moa
2751463424.0,1543503872.0,1280.0,10496.0,0.4390243902439024,1.7826086956521738,moa_job_14,moa
2751463424.0,1543503872.0,1280.0,10496.0,0.4390243902439024,1.7826086956521738,moa_job_15,moa
2751463424.0,1543503872.0,1280.0,10496.0,0.4390243902439024,1.7826086956521738,moa_job_16,moa
2751463424.0,1543503872.0,1280.0,10496.0,0.4390243902439024,1.7826086956521738,moa_job_17,moa
2751463424.0,1543503872.0,1280.0,10496.0,0.4390243902439024,1.7826086956521738,moa_job_18,moa
2751463424.0,1543503872.0,1280.0,10496.0,0.4390243902439024,1.7826086956521738,moa_job_19,moa
2751463424.0,1543503872.0,1280.0,10496.0,0.4390243902439024,1.7826086956521738,moa_job_20,moa
2751463424.0,1543503872.0,1280.0,10496.0,0.4390243902439024,1.7826086956521738,moa_job_21,moa
2751463424.0,1543503872.0,1280.0,10496.0,0.4390243902439024,1.7826086956521738,moa_job_22,moa
2751463424.0,1543503872.0,1280.0,10496.0,0.4390243902439024,1.7826086956521738,moa_job_23,moa
2751463424.0,1543503872.0,1280.0,10496.0,0.4390243902439024,1.7826086956521738,moa_job_24,moa
2751463424.0,1543503872.0,1280.0,10496.0,0.4390243902439024,1.7826086956521738,moa_job_25,moa
2751463424.0,1543503872.0,1280.0,10496.0,0.4390243902439024,1.7826086956521738,moa_job_26,moa
2751463424.0,1543503872.0,1280.0,10496.0,0.4390243902439024,1.7826086956521738,moa_job_27,moa
2751463424.0,1543503872.0,1280.0,10496.0,0.4390243902439024,1.7826086956521738,moa_job_28,moa
2751463424.0,1543503872.0,1280.0,10496.0,0.4390243902439024,1.7826086956521738,moa_job_29,moa
2751463424.0,1543503872.0,1280.0,10496.0,0.4390243902439024,1.7826086956521738,moa_job_30,moa
2751463424.0,1543503872.0,1280.0,10496.0,0.4390243902439024,1.7826086956521738,moa_job_31,moa
2751463424.0,1543503872.0,1280.0,10496.0,0.4390243902439024,1.7826086956521738,moa_job_32,moa
2751463424.0,1543503872.0,1280.0,10496.0,0.4390243902439024,1.7826086956521738,moa_job_33,moa
2751463424.0,1543503872.0,1280.0,10496.0,0.4390243902439024,1.7826086956521738,moa_job_34,moa
2751463424.0,1543503872.0,1280.0,10496.0,0.4390243902439024,1.7826086956521738,moa_job_35,moa
2751463424.0,1543503872.0,1280.0,10496.0,0.4390243902439024,1.7826086956521738,moa_job_36,moa
2751463424.0,1543503872.0,1280.0,10496.0,0.4390243902439024,1.7826086956521738,moa_job_37,moa
2751463424.0,1543503872.0,1280.0,10496.0,0.4390243902439024,1.7826086956521738,moa_job_38,moa
2751463424.0,1543503872.0,1280.0,10496.0,0.4390243902439024,1.7826086956521738,moa_job_39,moa
2751463424.0,1543503872.0,1280.0,10496.0,0.4390243902439024,1.7826086956521738,moa_job_40,moa
2751463424.0,1543503872.0,1280.0,10496.0,0.4390243902439024,1.7826086956521738,moa_job_41,moa
2751463424.0,1543503872.0,1280.0,10496.0,0.4390243902439024,1.7826086956521738,moa_job_42,moa
2751463424.0,1543503872.0,1280.0,10496.0,0.4390243902439024,1.7826086956521738,moa_job_43,moa
2751463424.0,1543503872.0,1280.0,10496.0,0.4390243902439024,1.7826086956521738,moa_job_44,moa
2751463424.0,1543503872.0,1280.0,10496.0,0.4390243902439024,1.7826086956521738,moa_job_45,moa
2751463424.0,1543503872.0,1280.0,10496.0,0.4390243902439024,1.7826086956521738,moa_job_46,moa
2751463424.0,1543503872.0,1280.0,10496.0,0.4390243902439024,1.7826086956521738,moa_job_47,moa
2751463424.0,1543503872.0,1280.0,10496.0,0.4390243902439024,1.7826086956521738,moa_job_48,moa
2751463424.0,1543503872.0,1280.0,10496.0,0.4390243902439024,1.7826086956521738,moa_job_49,moa
3070230528.0,1702887424.0,1280.0,11712.0,0.44535519125683065,1.8029556650246306,planner_worker_tool_job_0,planner_worker_tool
3070230528.0,1702887424.0,1280.0,11712.0,0.44535519125683065,1.8029556650246306,planner_worker_tool_job_1,planner_worker_tool
3070230528.0,1702887424.0,1280.0,11712.0,0.44535519125683065,1.8029556650246306,planner_worker_tool_job_2,planner_worker_tool
3070230528.0,1702887424.0,1280.0,11712.0,0.44535519125683065,1.8029556650246306,planner_worker_tool_job_3,planner_worker_tool
3070230528.0,1702887424.0,1280.0,11712.0,0.44535519125683065,1.8029556650246306,planner_worker_tool_job_4,planner_worker_tool
3070230528.0,1702887424.0,1280.0,11712.0,0.44535519125683065,1.8029556650246306,planner_worker_tool_job_5,planner_worker_tool
3070230528.0,1702887424.0,1280.0,11712.0,0.44535519125683065,1.8029556650246306,planner_worker_tool_job_6,planner_worker_tool
3070230528.0,1702887424.0,1280.0,11712.0,0.44535519125683065,1.8029556650246306,planner_worker_tool_job_7,planner_worker_tool
3070230528.0,1702887424.0,1280.0,11712.0,0.44535519125683065,1.8029556650246306,planner_worker_tool_job_8,planner_worker_tool
3070230528.0,1702887424.0,1280.0,11712.0,0.44535519125683065,1.8029556650246306,planner_worker_tool_job_9,planner_worker_tool
3070230528.0,1702887424.0,1280.0,11712.0,0.44535519125683065,1.8029556650246306,planner_worker_tool_job_10,planner_worker_tool
3070230528.0,1702887424.0,1280.0,11712.0,0.44535519125683065,1.8029556650246306,planner_worker_tool_job_11,planner_worker_tool
3070230528.0,1702887424.0,1280.0,11712.0,0.44535519125683065,1.8029556650246306,planner_worker_tool_job_12,planner_worker_tool
3070230528.0,1702887424.0,1280.0,11712.0,0.44535519125683065,1.8029556650246306,planner_worker_tool_job_13,planner_worker_tool
3070230528.0,1702887424.0,1280.0,11712.0,0.44535519125683065,1.8029556650246306,planner_worker_tool_job_14,planner_worker_tool
3070230528.0,1702887424.0,1280.0,11712.0,0.44535519125683065,1.8029556650246306,planner_worker_tool_job_15,planner_worker_tool
3070230528.0,1702887424.0,1280.0,11712.0,0.44535519125683065,1.8029556650246306,planner_worker_tool_job_16,planner_worker_tool
3070230528.0,1702887424.0,1280.0,11712.0,0.44535519125683065,1.8029556650246306,planner_worker_tool_job_17,planner_worker_tool
3070230528.0,1702887424.0,1280.0,11712.0,0.44535519125683065,1.8029556650246306,planner_worker_tool_job_18,planner_worker_tool
3070230528.0,1702887424.0,1280.0,11712.0,0.44535519125683065,1.8029556650246306,planner_worker_tool_job_19,planner_worker_tool
3070230528.0,1702887424.0,1280.0,11712.0,0.44535519125683065,1.8029556650246306,planner_worker_tool_job_20,planner_worker_tool
3070230528.0,1702887424.0,1280.0,11712.0,0.44535519125683065,1.8029556650246306,planner_worker_tool_job_21,planner_worker_tool
3070230528.0,1702887424.0,1280.0,11712.0,0.44535519125683065,1.8029556650246306,planner_worker_tool_job_22,planner_worker_tool
3070230528.0,1702887424.0,1280.0,11712.0,0.44535519125683065,1.8029556650246306,planner_worker_tool_job_23,planner_worker_tool
3070230528.0,1702887424.0,1280.0,11712.0,0.44535519125683065,1.8029556650246306,planner_worker_tool_job_24,planner_worker_tool
3070230528.0,1702887424.0,1280.0,11712.0,0.44535519125683065,1.8029556650246306,planner_worker_tool_job_25,planner_worker_tool
3070230528.0,1702887424.0,1280.0,11712.0,0.44535519125683065,1.8029556650246306,planner_worker_tool_job_26,planner_worker_tool
3070230528.0,1702887424.0,1280.0,11712.0,0.44535519125683065,1.8029556650246306,planner_worker_tool_job_27,planner_worker_tool
3070230528.0,1702887424.0,1280.0,11712.0,0.44535519125683065,1.8029556650246306,planner_worker_tool_job_28,planner_worker_tool
3070230528.0,1702887424.0,1280.0,11712.0,0.44535519125683065,1.8029556650246306,planner_worker_tool_job_29,planner_worker_tool
3070230528.0,1702887424.0,1280.0,11712.0,0.44535519125683065,1.8029556650246306,planner_worker_tool_job_30,planner_worker_tool
3070230528.0,1702887424.0,1280.0,11712.0,0.44535519125683065,1.8029556650246306,planner_worker_tool_job_31,planner_worker_tool
3070230528.0,1702887424.0,1280.0,11712.0,0.44535519125683065,1.8029556650246306,planner_worker_tool_job_32,planner_worker_tool
3070230528.0,1702887424.0,1280.0,11712.0,0.44535519125683065,1.8029556650246306,planner_worker_tool_job_33,planner_worker_tool
3070230528.0,1702887424.0,1280.0,11712.0,0.44535519125683065,1.8029556650246306,planner_worker_tool_job_34,planner_worker_tool
3070230528.0,1702887424.0,1280.0,11712.0,0.44535519125683065,1.8029556650246306,planner_worker_tool_job_35,planner_worker_tool
3070230528.0,1702887424.0,1280.0,11712.0,0.44535519125683065,1.8029556650246306,planner_worker_tool_job_36,planner_worker_tool
3070230528.0,1702887424.0,1280.0,11712.0,0.44535519125683065,1.8029556650246306,planner_worker_tool_job_37,planner_worker_tool
3070230528.0,1702887424.0,1280.0,11712.0,0.44535519125683065,1.8029556650246306,planner_worker_tool_job_38,planner_worker_tool
3070230528.0,1702887424.0,1280.0,11712.0,0.44535519125683065,1.8029556650246306,planner_worker_tool_job_39,planner_worker_tool
3070230528.0,1702887424.0,1280.0,11712.0,0.44535519125683065,1.8029556650246306,planner_worker_tool_job_40,planner_worker_tool
3070230528.0,1702887424.0,1280.0,11712.0,0.44535519125683065,1.8029556650246306,planner_worker_tool_job_41,planner_worker_tool
3070230528.0,1702887424.0,1280.0,11712.0,0.44535519125683065,1.8029556650246306,planner_worker_tool_job_42,planner_worker_tool
3070230528.0,1702887424.0,1280.0,11712.0,0.44535519125683065,1.8029556650246306,planner_worker_tool_job_43,planner_worker_tool
3070230528.0,1702887424.0,1280.0,11712.0,0.44535519125683065,1.8029556650246306,planner_worker_tool_job_44,planner_worker_tool
3070230528.0,1702887424.0,1280.0,11712.0,0.44535519125683065,1.8029556650246306,planner_worker_tool_job_45,planner_worker_tool
3070230528.0,1702887424.0,1280.0,11712.0,0.44535519125683065,1.8029556650246306,planner_worker_tool_job_46,planner_worker_tool
3070230528.0,1702887424.0,1280.0,11712.0,0.44535519125683065,1.8029556650246306,planner_worker_tool_job_47,planner_worker_tool
3070230528.0,1702887424.0,1280.0,11712.0,0.44535519125683065,1.8029556650246306,planner_worker_tool_job_48,planner_worker_tool
3070230528.0,1702887424.0,1280.0,11712.0,0.44535519125683065,1.8029556650246306,planner_worker_tool_job_49,planner_worker_tool
2214592512.0,1275068416.0,1280.0,8448.0,0.4242424242424242,1.736842105263158,swe_like_job_0,swe_like
2214592512.0,1275068416.0,1280.0,8448.0,0.4242424242424242,1.736842105263158,swe_like_job_1,swe_like
2214592512.0,1275068416.0,1280.0,8448.0,0.4242424242424242,1.736842105263158,swe_like_job_2,swe_like
2214592512.0,1275068416.0,1280.0,8448.0,0.4242424242424242,1.736842105263158,swe_like_job_3,swe_like
2214592512.0,1275068416.0,1280.0,8448.0,0.4242424242424242,1.736842105263158,swe_like_job_4,swe_like
2214592512.0,1275068416.0,1280.0,8448.0,0.4242424242424242,1.736842105263158,swe_like_job_5,swe_like
2214592512.0,1275068416.0,1280.0,8448.0,0.4242424242424242,1.736842105263158,swe_like_job_6,swe_like
2214592512.0,1275068416.0,1280.0,8448.0,0.4242424242424242,1.736842105263158,swe_like_job_7,swe_like
2214592512.0,1275068416.0,1280.0,8448.0,0.4242424242424242,1.736842105263158,swe_like_job_8,swe_like
2214592512.0,1275068416.0,1280.0,8448.0,0.4242424242424242,1.736842105263158,swe_like_job_9,swe_like
2214592512.0,1275068416.0,1280.0,8448.0,0.4242424242424242,1.736842105263158,swe_like_job_10,swe_like
2214592512.0,1275068416.0,1280.0,8448.0,0.4242424242424242,1.736842105263158,swe_like_job_11,swe_like
2214592512.0,1275068416.0,1280.0,8448.0,0.4242424242424242,1.736842105263158,swe_like_job_12,swe_like
2214592512.0,1275068416.0,1280.0,8448.0,0.4242424242424242,1.736842105263158,swe_like_job_13,swe_like
2214592512.0,1275068416.0,1280.0,8448.0,0.4242424242424242,1.736842105263158,swe_like_job_14,swe_like
2214592512.0,1275068416.0,1280.0,8448.0,0.4242424242424242,1.736842105263158,swe_like_job_15,swe_like
2214592512.0,1275068416.0,1280.0,8448.0,0.4242424242424242,1.736842105263158,swe_like_job_16,swe_like
2214592512.0,1275068416.0,1280.0,8448.0,0.4242424242424242,1.736842105263158,swe_like_job_17,swe_like
2214592512.0,1275068416.0,1280.0,8448.0,0.4242424242424242,1.736842105263158,swe_like_job_18,swe_like
2214592512.0,1275068416.0,1280.0,8448.0,0.4242424242424242,1.736842105263158,swe_like_job_19,swe_like
2214592512.0,1275068416.0,1280.0,8448.0,0.4242424242424242,1.736842105263158,swe_like_job_20,swe_like
2214592512.0,1275068416.0,1280.0,8448.0,0.4242424242424242,1.736842105263158,swe_like_job_21,swe_like
2214592512.0,1275068416.0,1280.0,8448.0,0.4242424242424242,1.736842105263158,swe_like_job_22,swe_like
2214592512.0,1275068416.0,1280.0,8448.0,0.4242424242424242,1.736842105263158,swe_like_job_23,swe_like
2214592512.0,1275068416.0,1280.0,8448.0,0.4242424242424242,1.736842105263158,swe_like_job_24,swe_like
2214592512.0,1275068416.0,1280.0,8448.0,0.4242424242424242,1.736842105263158,swe_like_job_25,swe_like
2214592512.0,1275068416.0,1280.0,8448.0,0.4242424242424242,1.736842105263158,swe_like_job_26,swe_like
2214592512.0,1275068416.0,1280.0,8448.0,0.4242424242424242,1.736842105263158,swe_like_job_27,swe_like
2214592512.0,1275068416.0,1280.0,8448.0,0.4242424242424242,1.736842105263158,swe_like_job_28,swe_like
2214592512.0,1275068416.0,1280.0,8448.0,0.4242424242424242,1.736842105263158,swe_like_job_29,swe_like
2214592512.0,1275068416.0,1280.0,8448.0,0.4242424242424242,1.736842105263158,swe_like_job_30,swe_like
2214592512.0,1275068416.0,1280.0,8448.0,0.4242424242424242,1.736842105263158,swe_like_job_31,swe_like
2214592512.0,1275068416.0,1280.0,8448.0,0.4242424242424242,1.736842105263158,swe_like_job_32,swe_like
2214592512.0,1275068416.0,1280.0,8448.0,0.4242424242424242,1.736842105263158,swe_like_job_33,swe_like
2214592512.0,1275068416.0,1280.0,8448.0,0.4242424242424242,1.736842105263158,swe_like_job_34,swe_like
2214592512.0,1275068416.0,1280.0,8448.0,0.4242424242424242,1.736842105263158,swe_like_job_35,swe_like
2214592512.0,1275068416.0,1280.0,8448.0,0.4242424242424242,1.736842105263158,swe_like_job_36,swe_like
2214592512.0,1275068416.0,1280.0,8448.0,0.4242424242424242,1.736842105263158,swe_like_job_37,swe_like
2214592512.0,1275068416.0,1280.0,8448.0,0.4242424242424242,1.736842105263158,swe_like_job_38,swe_like
2214592512.0,1275068416.0,1280.0,8448.0,0.4242424242424242,1.736842105263158,swe_like_job_39,swe_like
2214592512.0,1275068416.0,1280.0,8448.0,0.4242424242424242,1.736842105263158,swe_like_job_40,swe_like
2214592512.0,1275068416.0,1280.0,8448.0,0.4242424242424242,1.736842105263158,swe_like_job_41,swe_like
2214592512.0,1275068416.0,1280.0,8448.0,0.4242424242424242,1.736842105263158,swe_like_job_42,swe_like
2214592512.0,1275068416.0,1280.0,8448.0,0.4242424242424242,1.736842105263158,swe_like_job_43,swe_like
2214592512.0,1275068416.0,1280.0,8448.0,0.4242424242424242,1.736842105263158,swe_like_job_44,swe_like
2214592512.0,1275068416.0,1280.0,8448.0,0.4242424242424242,1.736842105263158,swe_like_job_45,swe_like
2214592512.0,1275068416.0,1280.0,8448.0,0.4242424242424242,1.736842105263158,swe_like_job_46,swe_like
2214592512.0,1275068416.0,1280.0,8448.0,0.4242424242424242,1.736842105263158,swe_like_job_47,swe_like
2214592512.0,1275068416.0,1280.0,8448.0,0.4242424242424242,1.736842105263158,swe_like_job_48,swe_like
2214592512.0,1275068416.0,1280.0,8448.0,0.4242424242424242,1.736842105263158,swe_like_job_49,swe_like
1753219072.0,1044381696.0,1280.0,6688.0,0.4043062200956937,1.678714859437751,rag_like_job_0,rag_like
1753219072.0,1044381696.0,1280.0,6688.0,0.4043062200956937,1.678714859437751,rag_like_job_1,rag_like
1753219072.0,1044381696.0,1280.0,6688.0,0.4043062200956937,1.678714859437751,rag_like_job_2,rag_like
1753219072.0,1044381696.0,1280.0,6688.0,0.4043062200956937,1.678714859437751,rag_like_job_3,rag_like
1753219072.0,1044381696.0,1280.0,6688.0,0.4043062200956937,1.678714859437751,rag_like_job_4,rag_like
1753219072.0,1044381696.0,1280.0,6688.0,0.4043062200956937,1.678714859437751,rag_like_job_5,rag_like
1753219072.0,1044381696.0,1280.0,6688.0,0.4043062200956937,1.678714859437751,rag_like_job_6,rag_like
1753219072.0,1044381696.0,1280.0,6688.0,0.4043062200956937,1.678714859437751,rag_like_job_7,rag_like
1753219072.0,1044381696.0,1280.0,6688.0,0.4043062200956937,1.678714859437751,rag_like_job_8,rag_like
1753219072.0,1044381696.0,1280.0,6688.0,0.4043062200956937,1.678714859437751,rag_like_job_9,rag_like
1753219072.0,1044381696.0,1280.0,6688.0,0.4043062200956937,1.678714859437751,rag_like_job_10,rag_like
1753219072.0,1044381696.0,1280.0,6688.0,0.4043062200956937,1.678714859437751,rag_like_job_11,rag_like
1753219072.0,1044381696.0,1280.0,6688.0,0.4043062200956937,1.678714859437751,rag_like_job_12,rag_like
1753219072.0,1044381696.0,1280.0,6688.0,0.4043062200956937,1.678714859437751,rag_like_job_13,rag_like
1753219072.0,1044381696.0,1280.0,6688.0,0.4043062200956937,1.678714859437751,rag_like_job_14,rag_like
1753219072.0,1044381696.0,1280.0,6688.0,0.4043062200956937,1.678714859437751,rag_like_job_15,rag_like
1753219072.0,1044381696.0,1280.0,6688.0,0.4043062200956937,1.678714859437751,rag_like_job_16,rag_like
1753219072.0,1044381696.0,1280.0,6688.0,0.4043062200956937,1.678714859437751,rag_like_job_17,rag_like
1753219072.0,1044381696.0,1280.0,6688.0,0.4043062200956937,1.678714859437751,rag_like_job_18,rag_like
1753219072.0,1044381696.0,1280.0,6688.0,0.4043062200956937,1.678714859437751,rag_like_job_19,rag_like
1753219072.0,1044381696.0,1280.0,6688.0,0.4043062200956937,1.678714859437751,rag_like_job_20,rag_like
1753219072.0,1044381696.0,1280.0,6688.0,0.4043062200956937,1.678714859437751,rag_like_job_21,rag_like
1753219072.0,1044381696.0,1280.0,6688.0,0.4043062200956937,1.678714859437751,rag_like_job_22,rag_like
1753219072.0,1044381696.0,1280.0,6688.0,0.4043062200956937,1.678714859437751,rag_like_job_23,rag_like
1753219072.0,1044381696.0,1280.0,6688.0,0.4043062200956937,1.678714859437751,rag_like_job_24,rag_like
1753219072.0,1044381696.0,1280.0,6688.0,0.4043062200956937,1.678714859437751,rag_like_job_25,rag_like
1753219072.0,1044381696.0,1280.0,6688.0,0.4043062200956937,1.678714859437751,rag_like_job_26,rag_like
1753219072.0,1044381696.0,1280.0,6688.0,0.4043062200956937,1.678714859437751,rag_like_job_27,rag_like
1753219072.0,1044381696.0,1280.0,6688.0,0.4043062200956937,1.678714859437751,rag_like_job_28,rag_like
1753219072.0,1044381696.0,1280.0,6688.0,0.4043062200956937,1.678714859437751,rag_like_job_29,rag_like
1753219072.0,1044381696.0,1280.0,6688.0,0.4043062200956937,1.678714859437751,rag_like_job_30,rag_like
1753219072.0,1044381696.0,1280.0,6688.0,0.4043062200956937,1.678714859437751,rag_like_job_31,rag_like
1753219072.0,1044381696.0,1280.0,6688.0,0.4043062200956937,1.678714859437751,rag_like_job_32,rag_like
1753219072.0,1044381696.0,1280.0,6688.0,0.4043062200956937,1.678714859437751,rag_like_job_33,rag_like
1753219072.0,1044381696.0,1280.0,6688.0,0.4043062200956937,1.678714859437751,rag_like_job_34,rag_like
1753219072.0,1044381696.0,1280.0,6688.0,0.4043062200956937,1.678714859437751,rag_like_job_35,rag_like
1753219072.0,1044381696.0,1280.0,6688.0,0.4043062200956937,1.678714859437751,rag_like_job_36,rag_like
1753219072.0,1044381696.0,1280.0,6688.0,0.4043062200956937,1.678714859437751,rag_like_job_37,rag_like
1753219072.0,1044381696.0,1280.0,6688.0,0.4043062200956937,1.678714859437751,rag_like_job_38,rag_like
1753219072.0,1044381696.0,1280.0,6688.0,0.4043062200956937,1.678714859437751,rag_like_job_39,rag_like
1753219072.0,1044381696.0,1280.0,6688.0,0.4043062200956937,1.678714859437751,rag_like_job_40,rag_like
1753219072.0,1044381696.0,1280.0,6688.0,0.4043062200956937,1.678714859437751,rag_like_job_41,rag_like
1753219072.0,1044381696.0,1280.0,6688.0,0.4043062200956937,1.678714859437751,rag_like_job_42,rag_like
1753219072.0,1044381696.0,1280.0,6688.0,0.4043062200956937,1.678714859437751,rag_like_job_43,rag_like
1753219072.0,1044381696.0,1280.0,6688.0,0.4043062200956937,1.678714859437751,rag_like_job_44,rag_like
1753219072.0,1044381696.0,1280.0,6688.0,0.4043062200956937,1.678714859437751,rag_like_job_45,rag_like
1753219072.0,1044381696.0,1280.0,6688.0,0.4043062200956937,1.678714859437751,rag_like_job_46,rag_like
1753219072.0,1044381696.0,1280.0,6688.0,0.4043062200956937,1.678714859437751,rag_like_job_47,rag_like
1753219072.0,1044381696.0,1280.0,6688.0,0.4043062200956937,1.678714859437751,rag_like_job_48,rag_like
1753219072.0,1044381696.0,1280.0,6688.0,0.4043062200956937,1.678714859437751,rag_like_job_49,rag_like
8657043456.0,4898947072.0,4352.0,33024.0,0.43410852713178294,1.7671232876712328,long_context_swe_stress_job_0,long_context_swe_stress
8657043456.0,4898947072.0,4352.0,33024.0,0.43410852713178294,1.7671232876712328,long_context_swe_stress_job_1,long_context_swe_stress
8657043456.0,4898947072.0,4352.0,33024.0,0.43410852713178294,1.7671232876712328,long_context_swe_stress_job_2,long_context_swe_stress
8657043456.0,4898947072.0,4352.0,33024.0,0.43410852713178294,1.7671232876712328,long_context_swe_stress_job_3,long_context_swe_stress
8657043456.0,4898947072.0,4352.0,33024.0,0.43410852713178294,1.7671232876712328,long_context_swe_stress_job_4,long_context_swe_stress
8657043456.0,4898947072.0,4352.0,33024.0,0.43410852713178294,1.7671232876712328,long_context_swe_stress_job_5,long_context_swe_stress
8657043456.0,4898947072.0,4352.0,33024.0,0.43410852713178294,1.7671232876712328,long_context_swe_stress_job_6,long_context_swe_stress
8657043456.0,4898947072.0,4352.0,33024.0,0.43410852713178294,1.7671232876712328,long_context_swe_stress_job_7,long_context_swe_stress
8657043456.0,4898947072.0,4352.0,33024.0,0.43410852713178294,1.7671232876712328,long_context_swe_stress_job_8,long_context_swe_stress
8657043456.0,4898947072.0,4352.0,33024.0,0.43410852713178294,1.7671232876712328,long_context_swe_stress_job_9,long_context_swe_stress
8657043456.0,4898947072.0,4352.0,33024.0,0.43410852713178294,1.7671232876712328,long_context_swe_stress_job_10,long_context_swe_stress
8657043456.0,4898947072.0,4352.0,33024.0,0.43410852713178294,1.7671232876712328,long_context_swe_stress_job_11,long_context_swe_stress
8657043456.0,4898947072.0,4352.0,33024.0,0.43410852713178294,1.7671232876712328,long_context_swe_stress_job_12,long_context_swe_stress
8657043456.0,4898947072.0,4352.0,33024.0,0.43410852713178294,1.7671232876712328,long_context_swe_stress_job_13,long_context_swe_stress
8657043456.0,4898947072.0,4352.0,33024.0,0.43410852713178294,1.7671232876712328,long_context_swe_stress_job_14,long_context_swe_stress
8657043456.0,4898947072.0,4352.0,33024.0,0.43410852713178294,1.7671232876712328,long_context_swe_stress_job_15,long_context_swe_stress
8657043456.0,4898947072.0,4352.0,33024.0,0.43410852713178294,1.7671232876712328,long_context_swe_stress_job_16,long_context_swe_stress
8657043456.0,4898947072.0,4352.0,33024.0,0.43410852713178294,1.7671232876712328,long_context_swe_stress_job_17,long_context_swe_stress
8657043456.0,4898947072.0,4352.0,33024.0,0.43410852713178294,1.7671232876712328,long_context_swe_stress_job_18,long_context_swe_stress
8657043456.0,4898947072.0,4352.0,33024.0,0.43410852713178294,1.7671232876712328,long_context_swe_stress_job_19,long_context_swe_stress
8657043456.0,4898947072.0,4352.0,33024.0,0.43410852713178294,1.7671232876712328,long_context_swe_stress_job_20,long_context_swe_stress
8657043456.0,4898947072.0,4352.0,33024.0,0.43410852713178294,1.7671232876712328,long_context_swe_stress_job_21,long_context_swe_stress
8657043456.0,4898947072.0,4352.0,33024.0,0.43410852713178294,1.7671232876712328,long_context_swe_stress_job_22,long_context_swe_stress
8657043456.0,4898947072.0,4352.0,33024.0,0.43410852713178294,1.7671232876712328,long_context_swe_stress_job_23,long_context_swe_stress
8657043456.0,4898947072.0,4352.0,33024.0,0.43410852713178294,1.7671232876712328,long_context_swe_stress_job_24,long_context_swe_stress
8657043456.0,4898947072.0,4352.0,33024.0,0.43410852713178294,1.7671232876712328,long_context_swe_stress_job_25,long_context_swe_stress
8657043456.0,4898947072.0,4352.0,33024.0,0.43410852713178294,1.7671232876712328,long_context_swe_stress_job_26,long_context_swe_stress
8657043456.0,4898947072.0,4352.0,33024.0,0.43410852713178294,1.7671232876712328,long_context_swe_stress_job_27,long_context_swe_stress
8657043456.0,4898947072.0,4352.0,33024.0,0.43410852713178294,1.7671232876712328,long_context_swe_stress_job_28,long_context_swe_stress
8657043456.0,4898947072.0,4352.0,33024.0,0.43410852713178294,1.7671232876712328,long_context_swe_stress_job_29,long_context_swe_stress
8657043456.0,4898947072.0,4352.0,33024.0,0.43410852713178294,1.7671232876712328,long_context_swe_stress_job_30,long_context_swe_stress
8657043456.0,4898947072.0,4352.0,33024.0,0.43410852713178294,1.7671232876712328,long_context_swe_stress_job_31,long_context_swe_stress
8657043456.0,4898947072.0,4352.0,33024.0,0.43410852713178294,1.7671232876712328,long_context_swe_stress_job_32,long_context_swe_stress
8657043456.0,4898947072.0,4352.0,33024.0,0.43410852713178294,1.7671232876712328,long_context_swe_stress_job_33,long_context_swe_stress
8657043456.0,4898947072.0,4352.0,33024.0,0.43410852713178294,1.7671232876712328,long_context_swe_stress_job_34,long_context_swe_stress
8657043456.0,4898947072.0,4352.0,33024.0,0.43410852713178294,1.7671232876712328,long_context_swe_stress_job_35,long_context_swe_stress
8657043456.0,4898947072.0,4352.0,33024.0,0.43410852713178294,1.7671232876712328,long_context_swe_stress_job_36,long_context_swe_stress
8657043456.0,4898947072.0,4352.0,33024.0,0.43410852713178294,1.7671232876712328,long_context_swe_stress_job_37,long_context_swe_stress
8657043456.0,4898947072.0,4352.0,33024.0,0.43410852713178294,1.7671232876712328,long_context_swe_stress_job_38,long_context_swe_stress
8657043456.0,4898947072.0,4352.0,33024.0,0.43410852713178294,1.7671232876712328,long_context_swe_stress_job_39,long_context_swe_stress
8657043456.0,4898947072.0,4352.0,33024.0,0.43410852713178294,1.7671232876712328,long_context_swe_stress_job_40,long_context_swe_stress
8657043456.0,4898947072.0,4352.0,33024.0,0.43410852713178294,1.7671232876712328,long_context_swe_stress_job_41,long_context_swe_stress
8657043456.0,4898947072.0,4352.0,33024.0,0.43410852713178294,1.7671232876712328,long_context_swe_stress_job_42,long_context_swe_stress
8657043456.0,4898947072.0,4352.0,33024.0,0.43410852713178294,1.7671232876712328,long_context_swe_stress_job_43,long_context_swe_stress
8657043456.0,4898947072.0,4352.0,33024.0,0.43410852713178294,1.7671232876712328,long_context_swe_stress_job_44,long_context_swe_stress
8657043456.0,4898947072.0,4352.0,33024.0,0.43410852713178294,1.7671232876712328,long_context_swe_stress_job_45,long_context_swe_stress
8657043456.0,4898947072.0,4352.0,33024.0,0.43410852713178294,1.7671232876712328,long_context_swe_stress_job_46,long_context_swe_stress
8657043456.0,4898947072.0,4352.0,33024.0,0.43410852713178294,1.7671232876712328,long_context_swe_stress_job_47,long_context_swe_stress
8657043456.0,4898947072.0,4352.0,33024.0,0.43410852713178294,1.7671232876712328,long_context_swe_stress_job_48,long_context_swe_stress
8657043456.0,4898947072.0,4352.0,33024.0,0.43410852713178294,1.7671232876712328,long_context_swe_stress_job_49,long_context_swe_stress
48586817536.0,24964497408.0,5120.0,185344.0,0.4861878453038674,1.946236559139785,mesh_stress_moa_job_0,mesh_stress_moa
48586817536.0,24964497408.0,5120.0,185344.0,0.4861878453038674,1.946236559139785,mesh_stress_moa_job_1,mesh_stress_moa
48586817536.0,24964497408.0,5120.0,185344.0,0.4861878453038674,1.946236559139785,mesh_stress_moa_job_2,mesh_stress_moa
48586817536.0,24964497408.0,5120.0,185344.0,0.4861878453038674,1.946236559139785,mesh_stress_moa_job_3,mesh_stress_moa
48586817536.0,24964497408.0,5120.0,185344.0,0.4861878453038674,1.946236559139785,mesh_stress_moa_job_4,mesh_stress_moa
48586817536.0,24964497408.0,5120.0,185344.0,0.4861878453038674,1.946236559139785,mesh_stress_moa_job_5,mesh_stress_moa
48586817536.0,24964497408.0,5120.0,185344.0,0.4861878453038674,1.946236559139785,mesh_stress_moa_job_6,mesh_stress_moa
48586817536.0,24964497408.0,5120.0,185344.0,0.4861878453038674,1.946236559139785,mesh_stress_moa_job_7,mesh_stress_moa
48586817536.0,24964497408.0,5120.0,185344.0,0.4861878453038674,1.946236559139785,mesh_stress_moa_job_8,mesh_stress_moa
48586817536.0,24964497408.0,5120.0,185344.0,0.4861878453038674,1.946236559139785,mesh_stress_moa_job_9,mesh_stress_moa
48586817536.0,24964497408.0,5120.0,185344.0,0.4861878453038674,1.946236559139785,mesh_stress_moa_job_10,mesh_stress_moa
48586817536.0,24964497408.0,5120.0,185344.0,0.4861878453038674,1.946236559139785,mesh_stress_moa_job_11,mesh_stress_moa
48586817536.0,24964497408.0,5120.0,185344.0,0.4861878453038674,1.946236559139785,mesh_stress_moa_job_12,mesh_stress_moa
48586817536.0,24964497408.0,5120.0,185344.0,0.4861878453038674,1.946236559139785,mesh_stress_moa_job_13,mesh_stress_moa
48586817536.0,24964497408.0,5120.0,185344.0,0.4861878453038674,1.946236559139785,mesh_stress_moa_job_14,mesh_stress_moa
48586817536.0,24964497408.0,5120.0,185344.0,0.4861878453038674,1.946236559139785,mesh_stress_moa_job_15,mesh_stress_moa
48586817536.0,24964497408.0,5120.0,185344.0,0.4861878453038674,1.946236559139785,mesh_stress_moa_job_16,mesh_stress_moa
48586817536.0,24964497408.0,5120.0,185344.0,0.4861878453038674,1.946236559139785,mesh_stress_moa_job_17,mesh_stress_moa
48586817536.0,24964497408.0,5120.0,185344.0,0.4861878453038674,1.946236559139785,mesh_stress_moa_job_18,mesh_stress_moa
48586817536.0,24964497408.0,5120.0,185344.0,0.4861878453038674,1.946236559139785,mesh_stress_moa_job_19,mesh_stress_moa
48586817536.0,24964497408.0,5120.0,185344.0,0.4861878453038674,1.946236559139785,mesh_stress_moa_job_20,mesh_stress_moa
48586817536.0,24964497408.0,5120.0,185344.0,0.4861878453038674,1.946236559139785,mesh_stress_moa_job_21,mesh_stress_moa
48586817536.0,24964497408.0,5120.0,185344.0,0.4861878453038674,1.946236559139785,mesh_stress_moa_job_22,mesh_stress_moa
48586817536.0,24964497408.0,5120.0,185344.0,0.4861878453038674,1.946236559139785,mesh_stress_moa_job_23,mesh_stress_moa
48586817536.0,24964497408.0,5120.0,185344.0,0.4861878453038674,1.946236559139785,mesh_stress_moa_job_24,mesh_stress_moa
48586817536.0,24964497408.0,5120.0,185344.0,0.4861878453038674,1.946236559139785,mesh_stress_moa_job_25,mesh_stress_moa
48586817536.0,24964497408.0,5120.0,185344.0,0.4861878453038674,1.946236559139785,mesh_stress_moa_job_26,mesh_stress_moa
48586817536.0,24964497408.0,5120.0,185344.0,0.4861878453038674,1.946236559139785,mesh_stress_moa_job_27,mesh_stress_moa
48586817536.0,24964497408.0,5120.0,185344.0,0.4861878453038674,1.946236559139785,mesh_stress_moa_job_28,mesh_stress_moa
48586817536.0,24964497408.0,5120.0,185344.0,0.4861878453038674,1.946236559139785,mesh_stress_moa_job_29,mesh_stress_moa
48586817536.0,24964497408.0,5120.0,185344.0,0.4861878453038674,1.946236559139785,mesh_stress_moa_job_30,mesh_stress_moa
48586817536.0,24964497408.0,5120.0,185344.0,0.4861878453038674,1.946236559139785,mesh_stress_moa_job_31,mesh_stress_moa
48586817536.0,24964497408.0,5120.0,185344.0,0.4861878453038674,1.946236559139785,mesh_stress_moa_job_32,mesh_stress_moa
48586817536.0,24964497408.0,5120.0,185344.0,0.4861878453038674,1.946236559139785,mesh_stress_moa_job_33,mesh_stress_moa
48586817536.0,24964497408.0,5120.0,185344.0,0.4861878453038674,1.946236559139785,mesh_stress_moa_job_34,mesh_stress_moa
48586817536.0,24964497408.0,5120.0,185344.0,0.4861878453038674,1.946236559139785,mesh_stress_moa_job_35,mesh_stress_moa
48586817536.0,24964497408.0,5120.0,185344.0,0.4861878453038674,1.946236559139785,mesh_stress_moa_job_36,mesh_stress_moa
48586817536.0,24964497408.0,5120.0,185344.0,0.4861878453038674,1.946236559139785,mesh_stress_moa_job_37,mesh_stress_moa
48586817536.0,24964497408.0,5120.0,185344.0,0.4861878453038674,1.946236559139785,mesh_stress_moa_job_38,mesh_stress_moa
48586817536.0,24964497408.0,5120.0,185344.0,0.4861878453038674,1.946236559139785,mesh_stress_moa_job_39,mesh_stress_moa
48586817536.0,24964497408.0,5120.0,185344.0,0.4861878453038674,1.946236559139785,mesh_stress_moa_job_40,mesh_stress_moa
48586817536.0,24964497408.0,5120.0,185344.0,0.4861878453038674,1.946236559139785,mesh_stress_moa_job_41,mesh_stress_moa
48586817536.0,24964497408.0,5120.0,185344.0,0.4861878453038674,1.946236559139785,mesh_stress_moa_job_42,mesh_stress_moa
48586817536.0,24964497408.0,5120.0,185344.0,0.4861878453038674,1.946236559139785,mesh_stress_moa_job_43,mesh_stress_moa
48586817536.0,24964497408.0,5120.0,185344.0,0.4861878453038674,1.946236559139785,mesh_stress_moa_job_44,mesh_stress_moa
48586817536.0,24964497408.0,5120.0,185344.0,0.4861878453038674,1.946236559139785,mesh_stress_moa_job_45,mesh_stress_moa
48586817536.0,24964497408.0,5120.0,185344.0,0.4861878453038674,1.946236559139785,mesh_stress_moa_job_46,mesh_stress_moa
48586817536.0,24964497408.0,5120.0,185344.0,0.4861878453038674,1.946236559139785,mesh_stress_moa_job_47,mesh_stress_moa
48586817536.0,24964497408.0,5120.0,185344.0,0.4861878453038674,1.946236559139785,mesh_stress_moa_job_48,mesh_stress_moa
48586817536.0,24964497408.0,5120.0,185344.0,0.4861878453038674,1.946236559139785,mesh_stress_moa_job_49,mesh_stress_moa
37044092928.0,19126026240.0,4608.0,141312.0,0.4836956521739131,1.936842105263158,sram_pressure_debate_job_0,sram_pressure_debate
37044092928.0,19126026240.0,4608.0,141312.0,0.4836956521739131,1.936842105263158,sram_pressure_debate_job_1,sram_pressure_debate
37044092928.0,19126026240.0,4608.0,141312.0,0.4836956521739131,1.936842105263158,sram_pressure_debate_job_2,sram_pressure_debate
37044092928.0,19126026240.0,4608.0,141312.0,0.4836956521739131,1.936842105263158,sram_pressure_debate_job_3,sram_pressure_debate
37044092928.0,19126026240.0,4608.0,141312.0,0.4836956521739131,1.936842105263158,sram_pressure_debate_job_4,sram_pressure_debate
37044092928.0,19126026240.0,4608.0,141312.0,0.4836956521739131,1.936842105263158,sram_pressure_debate_job_5,sram_pressure_debate
37044092928.0,19126026240.0,4608.0,141312.0,0.4836956521739131,1.936842105263158,sram_pressure_debate_job_6,sram_pressure_debate
37044092928.0,19126026240.0,4608.0,141312.0,0.4836956521739131,1.936842105263158,sram_pressure_debate_job_7,sram_pressure_debate
37044092928.0,19126026240.0,4608.0,141312.0,0.4836956521739131,1.936842105263158,sram_pressure_debate_job_8,sram_pressure_debate
37044092928.0,19126026240.0,4608.0,141312.0,0.4836956521739131,1.936842105263158,sram_pressure_debate_job_9,sram_pressure_debate
37044092928.0,19126026240.0,4608.0,141312.0,0.4836956521739131,1.936842105263158,sram_pressure_debate_job_10,sram_pressure_debate
37044092928.0,19126026240.0,4608.0,141312.0,0.4836956521739131,1.936842105263158,sram_pressure_debate_job_11,sram_pressure_debate
37044092928.0,19126026240.0,4608.0,141312.0,0.4836956521739131,1.936842105263158,sram_pressure_debate_job_12,sram_pressure_debate
37044092928.0,19126026240.0,4608.0,141312.0,0.4836956521739131,1.936842105263158,sram_pressure_debate_job_13,sram_pressure_debate
37044092928.0,19126026240.0,4608.0,141312.0,0.4836956521739131,1.936842105263158,sram_pressure_debate_job_14,sram_pressure_debate
37044092928.0,19126026240.0,4608.0,141312.0,0.4836956521739131,1.936842105263158,sram_pressure_debate_job_15,sram_pressure_debate
37044092928.0,19126026240.0,4608.0,141312.0,0.4836956521739131,1.936842105263158,sram_pressure_debate_job_16,sram_pressure_debate
37044092928.0,19126026240.0,4608.0,141312.0,0.4836956521739131,1.936842105263158,sram_pressure_debate_job_17,sram_pressure_debate
37044092928.0,19126026240.0,4608.0,141312.0,0.4836956521739131,1.936842105263158,sram_pressure_debate_job_18,sram_pressure_debate
37044092928.0,19126026240.0,4608.0,141312.0,0.4836956521739131,1.936842105263158,sram_pressure_debate_job_19,sram_pressure_debate
37044092928.0,19126026240.0,4608.0,141312.0,0.4836956521739131,1.936842105263158,sram_pressure_debate_job_20,sram_pressure_debate
37044092928.0,19126026240.0,4608.0,141312.0,0.4836956521739131,1.936842105263158,sram_pressure_debate_job_21,sram_pressure_debate
37044092928.0,19126026240.0,4608.0,141312.0,0.4836956521739131,1.936842105263158,sram_pressure_debate_job_22,sram_pressure_debate
37044092928.0,19126026240.0,4608.0,141312.0,0.4836956521739131,1.936842105263158,sram_pressure_debate_job_23,sram_pressure_debate
37044092928.0,19126026240.0,4608.0,141312.0,0.4836956521739131,1.936842105263158,sram_pressure_debate_job_24,sram_pressure_debate
37044092928.0,19126026240.0,4608.0,141312.0,0.4836956521739131,1.936842105263158,sram_pressure_debate_job_25,sram_pressure_debate
37044092928.0,19126026240.0,4608.0,141312.0,0.4836956521739131,1.936842105263158,sram_pressure_debate_job_26,sram_pressure_debate
37044092928.0,19126026240.0,4608.0,141312.0,0.4836956521739131,1.936842105263158,sram_pressure_debate_job_27,sram_pressure_debate
37044092928.0,19126026240.0,4608.0,141312.0,0.4836956521739131,1.936842105263158,sram_pressure_debate_job_28,sram_pressure_debate
37044092928.0,19126026240.0,4608.0,141312.0,0.4836956521739131,1.936842105263158,sram_pressure_debate_job_29,sram_pressure_debate
37044092928.0,19126026240.0,4608.0,141312.0,0.4836956521739131,1.936842105263158,sram_pressure_debate_job_30,sram_pressure_debate
37044092928.0,19126026240.0,4608.0,141312.0,0.4836956521739131,1.936842105263158,sram_pressure_debate_job_31,sram_pressure_debate
37044092928.0,19126026240.0,4608.0,141312.0,0.4836956521739131,1.936842105263158,sram_pressure_debate_job_32,sram_pressure_debate
37044092928.0,19126026240.0,4608.0,141312.0,0.4836956521739131,1.936842105263158,sram_pressure_debate_job_33,sram_pressure_debate
37044092928.0,19126026240.0,4608.0,141312.0,0.4836956521739131,1.936842105263158,sram_pressure_debate_job_34,sram_pressure_debate
37044092928.0,19126026240.0,4608.0,141312.0,0.4836956521739131,1.936842105263158,sram_pressure_debate_job_35,sram_pressure_debate
37044092928.0,19126026240.0,4608.0,141312.0,0.4836956521739131,1.936842105263158,sram_pressure_debate_job_36,sram_pressure_debate
37044092928.0,19126026240.0,4608.0,141312.0,0.4836956521739131,1.936842105263158,sram_pressure_debate_job_37,sram_pressure_debate
37044092928.0,19126026240.0,4608.0,141312.0,0.4836956521739131,1.936842105263158,sram_pressure_debate_job_38,sram_pressure_debate
37044092928.0,19126026240.0,4608.0,141312.0,0.4836956521739131,1.936842105263158,sram_pressure_debate_job_39,sram_pressure_debate
37044092928.0,19126026240.0,4608.0,141312.0,0.4836956521739131,1.936842105263158,sram_pressure_debate_job_40,sram_pressure_debate
37044092928.0,19126026240.0,4608.0,141312.0,0.4836956521739131,1.936842105263158,sram_pressure_debate_job_41,sram_pressure_debate
37044092928.0,19126026240.0,4608.0,141312.0,0.4836956521739131,1.936842105263158,sram_pressure_debate_job_42,sram_pressure_debate
37044092928.0,19126026240.0,4608.0,141312.0,0.4836956521739131,1.936842105263158,sram_pressure_debate_job_43,sram_pressure_debate
37044092928.0,19126026240.0,4608.0,141312.0,0.4836956521739131,1.936842105263158,sram_pressure_debate_job_44,sram_pressure_debate
37044092928.0,19126026240.0,4608.0,141312.0,0.4836956521739131,1.936842105263158,sram_pressure_debate_job_45,sram_pressure_debate
37044092928.0,19126026240.0,4608.0,141312.0,0.4836956521739131,1.936842105263158,sram_pressure_debate_job_46,sram_pressure_debate
37044092928.0,19126026240.0,4608.0,141312.0,0.4836956521739131,1.936842105263158,sram_pressure_debate_job_47,sram_pressure_debate
37044092928.0,19126026240.0,4608.0,141312.0,0.4836956521739131,1.936842105263158,sram_pressure_debate_job_48,sram_pressure_debate
37044092928.0,19126026240.0,4608.0,141312.0,0.4836956521739131,1.936842105263158,sram_pressure_debate_job_49,sram_pressure_debate
6442450944.0,3388997632.0,1280.0,24576.0,0.47395833333333337,1.900990099009901,tool_pause_resume_loop_job_0,tool_pause_resume_loop
6442450944.0,3388997632.0,1280.0,24576.0,0.47395833333333337,1.900990099009901,tool_pause_resume_loop_job_1,tool_pause_resume_loop
6442450944.0,3388997632.0,1280.0,24576.0,0.47395833333333337,1.900990099009901,tool_pause_resume_loop_job_2,tool_pause_resume_loop
6442450944.0,3388997632.0,1280.0,24576.0,0.47395833333333337,1.900990099009901,tool_pause_resume_loop_job_3,tool_pause_resume_loop
6442450944.0,3388997632.0,1280.0,24576.0,0.47395833333333337,1.900990099009901,tool_pause_resume_loop_job_4,tool_pause_resume_loop
6442450944.0,3388997632.0,1280.0,24576.0,0.47395833333333337,1.900990099009901,tool_pause_resume_loop_job_5,tool_pause_resume_loop
6442450944.0,3388997632.0,1280.0,24576.0,0.47395833333333337,1.900990099009901,tool_pause_resume_loop_job_6,tool_pause_resume_loop
6442450944.0,3388997632.0,1280.0,24576.0,0.47395833333333337,1.900990099009901,tool_pause_resume_loop_job_7,tool_pause_resume_loop
6442450944.0,3388997632.0,1280.0,24576.0,0.47395833333333337,1.900990099009901,tool_pause_resume_loop_job_8,tool_pause_resume_loop
6442450944.0,3388997632.0,1280.0,24576.0,0.47395833333333337,1.900990099009901,tool_pause_resume_loop_job_9,tool_pause_resume_loop
6442450944.0,3388997632.0,1280.0,24576.0,0.47395833333333337,1.900990099009901,tool_pause_resume_loop_job_10,tool_pause_resume_loop
6442450944.0,3388997632.0,1280.0,24576.0,0.47395833333333337,1.900990099009901,tool_pause_resume_loop_job_11,tool_pause_resume_loop
6442450944.0,3388997632.0,1280.0,24576.0,0.47395833333333337,1.900990099009901,tool_pause_resume_loop_job_12,tool_pause_resume_loop
6442450944.0,3388997632.0,1280.0,24576.0,0.47395833333333337,1.900990099009901,tool_pause_resume_loop_job_13,tool_pause_resume_loop
6442450944.0,3388997632.0,1280.0,24576.0,0.47395833333333337,1.900990099009901,tool_pause_resume_loop_job_14,tool_pause_resume_loop
6442450944.0,3388997632.0,1280.0,24576.0,0.47395833333333337,1.900990099009901,tool_pause_resume_loop_job_15,tool_pause_resume_loop
6442450944.0,3388997632.0,1280.0,24576.0,0.47395833333333337,1.900990099009901,tool_pause_resume_loop_job_16,tool_pause_resume_loop
6442450944.0,3388997632.0,1280.0,24576.0,0.47395833333333337,1.900990099009901,tool_pause_resume_loop_job_17,tool_pause_resume_loop
6442450944.0,3388997632.0,1280.0,24576.0,0.47395833333333337,1.900990099009901,tool_pause_resume_loop_job_18,tool_pause_resume_loop
6442450944.0,3388997632.0,1280.0,24576.0,0.47395833333333337,1.900990099009901,tool_pause_resume_loop_job_19,tool_pause_resume_loop
6442450944.0,3388997632.0,1280.0,24576.0,0.47395833333333337,1.900990099009901,tool_pause_resume_loop_job_20,tool_pause_resume_loop
6442450944.0,3388997632.0,1280.0,24576.0,0.47395833333333337,1.900990099009901,tool_pause_resume_loop_job_21,tool_pause_resume_loop
6442450944.0,3388997632.0,1280.0,24576.0,0.47395833333333337,1.900990099009901,tool_pause_resume_loop_job_22,tool_pause_resume_loop
6442450944.0,3388997632.0,1280.0,24576.0,0.47395833333333337,1.900990099009901,tool_pause_resume_loop_job_23,tool_pause_resume_loop
6442450944.0,3388997632.0,1280.0,24576.0,0.47395833333333337,1.900990099009901,tool_pause_resume_loop_job_24,tool_pause_resume_loop
6442450944.0,3388997632.0,1280.0,24576.0,0.47395833333333337,1.900990099009901,tool_pause_resume_loop_job_25,tool_pause_resume_loop
6442450944.0,3388997632.0,1280.0,24576.0,0.47395833333333337,1.900990099009901,tool_pause_resume_loop_job_26,tool_pause_resume_loop
6442450944.0,3388997632.0,1280.0,24576.0,0.47395833333333337,1.900990099009901,tool_pause_resume_loop_job_27,tool_pause_resume_loop
6442450944.0,3388997632.0,1280.0,24576.0,0.47395833333333337,1.900990099009901,tool_pause_resume_loop_job_28,tool_pause_resume_loop
6442450944.0,3388997632.0,1280.0,24576.0,0.47395833333333337,1.900990099009901,tool_pause_resume_loop_job_29,tool_pause_resume_loop
6442450944.0,3388997632.0,1280.0,24576.0,0.47395833333333337,1.900990099009901,tool_pause_resume_loop_job_30,tool_pause_resume_loop
6442450944.0,3388997632.0,1280.0,24576.0,0.47395833333333337,1.900990099009901,tool_pause_resume_loop_job_31,tool_pause_resume_loop
6442450944.0,3388997632.0,1280.0,24576.0,0.47395833333333337,1.900990099009901,tool_pause_resume_loop_job_32,tool_pause_resume_loop
6442450944.0,3388997632.0,1280.0,24576.0,0.47395833333333337,1.900990099009901,tool_pause_resume_loop_job_33,tool_pause_resume_loop
6442450944.0,3388997632.0,1280.0,24576.0,0.47395833333333337,1.900990099009901,tool_pause_resume_loop_job_34,tool_pause_resume_loop
6442450944.0,3388997632.0,1280.0,24576.0,0.47395833333333337,1.900990099009901,tool_pause_resume_loop_job_35,tool_pause_resume_loop
6442450944.0,3388997632.0,1280.0,24576.0,0.47395833333333337,1.900990099009901,tool_pause_resume_loop_job_36,tool_pause_resume_loop
6442450944.0,3388997632.0,1280.0,24576.0,0.47395833333333337,1.900990099009901,tool_pause_resume_loop_job_37,tool_pause_resume_loop
6442450944.0,3388997632.0,1280.0,24576.0,0.47395833333333337,1.900990099009901,tool_pause_resume_loop_job_38,tool_pause_resume_loop
6442450944.0,3388997632.0,1280.0,24576.0,0.47395833333333337,1.900990099009901,tool_pause_resume_loop_job_39,tool_pause_resume_loop
6442450944.0,3388997632.0,1280.0,24576.0,0.47395833333333337,1.900990099009901,tool_pause_resume_loop_job_40,tool_pause_resume_loop
6442450944.0,3388997632.0,1280.0,24576.0,0.47395833333333337,1.900990099009901,tool_pause_resume_loop_job_41,tool_pause_resume_loop
6442450944.0,3388997632.0,1280.0,24576.0,0.47395833333333337,1.900990099009901,tool_pause_resume_loop_job_42,tool_pause_resume_loop
6442450944.0,3388997632.0,1280.0,24576.0,0.47395833333333337,1.900990099009901,tool_pause_resume_loop_job_43,tool_pause_resume_loop
6442450944.0,3388997632.0,1280.0,24576.0,0.47395833333333337,1.900990099009901,tool_pause_resume_loop_job_44,tool_pause_resume_loop
6442450944.0,3388997632.0,1280.0,24576.0,0.47395833333333337,1.900990099009901,tool_pause_resume_loop_job_45,tool_pause_resume_loop
6442450944.0,3388997632.0,1280.0,24576.0,0.47395833333333337,1.900990099009901,tool_pause_resume_loop_job_46,tool_pause_resume_loop
6442450944.0,3388997632.0,1280.0,24576.0,0.47395833333333337,1.900990099009901,tool_pause_resume_loop_job_47,tool_pause_resume_loop
6442450944.0,3388997632.0,1280.0,24576.0,0.47395833333333337,1.900990099009901,tool_pause_resume_loop_job_48,tool_pause_resume_loop
6442450944.0,3388997632.0,1280.0,24576.0,0.47395833333333337,1.900990099009901,tool_pause_resume_loop_job_49,tool_pause_resume_loop
