baseline,job_id,workload,arrival_ms,job_completion_time_ms,ttft_ms,tpot_ms,queue_wait_ms,mesh_wait_ms,tokens_total,first_token_time_ms,decode_tokens_total,decode_active_ms_total,kv_saving_ratio,computed_prefill_tokens,avoided_prefill_tokens,compute_energy_j,mesh_energy_j,sram_energy_j,offwafer_energy_j,energy_per_job_j,energy_per_completed_job_under_slo_j,decode_shared_kv_read_bytes,decode_shared_kv_read_bytes_without_cohort,decode_kv_read_reduction_ratio,cross_region_kv_transfer_bytes,decode_query_transfer_bytes,decode_merge_bytes,num_decode_cohorts,avg_cohort_size,duration_source,prefix_extension_model_used,prefix_extension_fit_hash,calibration_loaded,arrival_rate_jobs_per_s
no_cache,debate_job_0,debate,369.05544268393913,6015.104397628131,9.792441896130924,1.8902814124563556,11811.171509760004,0.0,20544,378.84788458007006,1088.0,2056.6261767525148,0.0,42752.0,0.0,0.017226006528,0.2469941804543999,0.0002801795072,0.001744830464,0.2662451969535999,0.2662451969535999,355408543744.0,355408543744.0,0.0,355408543744.0,0.0,0.0,0.0,0.0,synthetic,False,,0.0,2.0
no_cache,debate_job_1,debate,1190.787533244525,6015.104397628131,9.792441896130867,1.890281412456356,11811.171509760004,0.0,20544,1200.579975140656,1088.0,2056.626176752515,0.0,42752.0,0.0,0.017226006528,0.2469941804543999,0.0002801795072,0.001744830464,0.2662451969535999,0.2662451969535999,355408543744.0,355408543744.0,0.0,355408543744.0,0.0,0.0,0.0,0.0,synthetic,False,,0.0,2.0
no_cache,debate_job_10,debate,2806.4486933581725,6015.104397628127,9.79244189613064,1.8902814124563565,11811.171509759992,0.0,20544,2816.241135254303,1088.0,2056.626176752516,0.0,42752.0,0.0,0.017226006528,0.2469941804543999,0.0002801795072,0.001744830464,0.2662451969535999,0.2662451969535999,355408543744.0,355408543744.0,0.0,355408543744.0,0.0,0.0,0.0,0.0,synthetic,False,,0.0,2.0
no_cache,debate_job_11,debate,2977.4300989315475,6015.104397628129,9.79244189613064,1.890281412456356,11811.171509759995,0.0,20544,2987.222540827678,1088.0,2056.626176752515,0.0,42752.0,0.0,0.017226006528,0.2469941804543999,0.0002801795072,0.001744830464,0.2662451969535999,0.2662451969535999,355408543744.0,355408543744.0,0.0,355408543744.0,0.0,0.0,0.0,0.0,synthetic,False,,0.0,2.0
no_cache,debate_job_12,debate,3703.876801405687,6015.10439762813,9.79244189613064,1.8902814124563565,11811.171509759995,0.0,20544,3713.6692433018175,1088.0,2056.626176752516,0.0,42752.0,0.0,0.017226006528,0.2469941804543999,0.0002801795072,0.001744830464,0.2662451969535999,0.2662451969535999,355408543744.0,355408543744.0,0.0,355408543744.0,0.0,0.0,0.0,0.0,synthetic,False,,0.0,2.0
no_cache,debate_job_13,debate,4312.946248433527,6015.104397628131,9.792441896131097,1.8902814124563567,11811.17150976,0.0,20544,4322.738690329658,1088.0,2056.6261767525166,0.0,42752.0,0.0,0.017226006528,0.2469941804543999,0.0002801795072,0.001744830464,0.2662451969535999,0.2662451969535999,355408543744.0,355408543744.0,0.0,355408543744.0,0.0,0.0,0.0,0.0,synthetic,False,,0.0,2.0
no_cache,debate_job_14,debate,4854.3891348348325,6015.104397628132,9.792441896131097,1.8902814124563567,11811.17150976,0.0,20544,4864.181576730964,1088.0,2056.6261767525166,0.0,42752.0,0.0,0.017226006528,0.2469941804543999,0.0002801795072,0.001744830464,0.2662451969535999,0.2662451969535999,355408543744.0,355408543744.0,0.0,355408543744.0,0.0,0.0,0.0,0.0,synthetic,False,,0.0,2.0
no_cache,debate_job_15,debate,4912.747089969397,6015.104397628132,9.792441896131097,1.8902814124563567,11811.17150976,0.0,20544,4922.539531865528,1088.0,2056.6261767525166,0.0,42752.0,0.0,0.017226006528,0.2469941804543999,0.0002801795072,0.001744830464,0.2662451969535999,0.2662451969535999,355408543744.0,355408543744.0,0.0,355408543744.0,0.0,0.0,0.0,0.0,synthetic,False,,0.0,2.0
no_cache,debate_job_16,debate,4926.400201648221,6015.104397628133,9.792441896131097,1.890281412456358,11811.17150976,0.0,20544,4936.192643544352,1088.0,2056.626176752517,0.0,42752.0,0.0,0.017226006528,0.2469941804543999,0.0002801795072,0.001744830464,0.2662451969535999,0.2662451969535999,355408543744.0,355408543744.0,0.0,355408543744.0,0.0,0.0,0.0,0.0,synthetic,False,,0.0,2.0
no_cache,debate_job_17,debate,5168.793262223428,6015.1043976281335,9.792441896131097,1.890281412456358,11811.171509760004,0.0,20544,5178.58570411956,1088.0,2056.626176752517,0.0,42752.0,0.0,0.017226006528,0.2469941804543999,0.0002801795072,0.001744830464,0.2662451969535999,0.2662451969535999,355408543744.0,355408543744.0,0.0,355408543744.0,0.0,0.0,0.0,0.0,synthetic,False,,0.0,2.0
no_cache,debate_job_18,debate,5854.782319241877,6015.104397628135,9.792441896131097,1.8902814124563587,11811.171509760006,0.0,20544,5864.574761138008,1088.0,2056.6261767525184,0.0,42752.0,0.0,0.017226006528,0.2469941804543999,0.0002801795072,0.001744830464,0.2662451969535999,0.2662451969535999,355408543744.0,355408543744.0,0.0,355408543744.0,0.0,0.0,0.0,0.0,synthetic,False,,0.0,2.0
no_cache,debate_job_19,debate,6000.215064661775,6015.104397628135,9.792441896131097,1.8902814124563587,11811.171509760006,0.0,20544,6010.007506557906,1088.0,2056.6261767525184,0.0,42752.0,0.0,0.017226006528,0.2469941804543999,0.0002801795072,0.001744830464,0.2662451969535999,0.2662451969535999,355408543744.0,355408543744.0,0.0,355408543744.0,0.0,0.0,0.0,0.0,synthetic,False,,0.0,2.0
no_cache,debate_job_2,debate,6348.393899564685,6015.104397628135,9.792441896131097,1.8902814124563587,11811.171509760006,0.0,20544,6358.186341460816,1088.0,2056.6261767525184,0.0,42752.0,0.0,0.017226006528,0.2469941804543999,0.0002801795072,0.001744830464,0.2662451969535999,0.2662451969535999,355408543744.0,355408543744.0,0.0,355408543744.0,0.0,0.0,0.0,0.0,synthetic,False,,0.0,2.0
no_cache,debate_job_20,debate,6539.342725073577,6015.104397628136,9.792441896131097,1.89028141245636,11811.17150976001,0.0,20544,6549.135166969708,1088.0,2056.6261767525198,0.0,42752.0,0.0,0.017226006528,0.2469941804543999,0.0002801795072,0.001744830464,0.2662451969535999,0.2662451969535999,355408543744.0,355408543744.0,0.0,355408543744.0,0.0,0.0,0.0,0.0,synthetic,False,,0.0,2.0
no_cache,debate_job_21,debate,7475.809513087092,6015.104397628134,9.792441896131097,1.89028141245636,11811.17150976001,0.0,20544,7485.601954983223,1088.0,2056.6261767525198,0.0,42752.0,0.0,0.017226006528,0.2469941804543999,0.0002801795072,0.001744830464,0.2662451969535999,0.2662451969535999,355408543744.0,355408543744.0,0.0,355408543744.0,0.0,0.0,0.0,0.0,synthetic,False,,0.0,2.0
no_cache,debate_job_22,debate,8927.7865340935,6015.104397628136,9.792441896130184,1.89028141245636,11811.17150976001,0.0,20544,8937.57897598963,1088.0,2056.6261767525198,0.0,42752.0,0.0,0.017226006528,0.2469941804543999,0.0002801795072,0.001744830464,0.2662451969535999,0.2662451969535999,355408543744.0,355408543744.0,0.0,355408543744.0,0.0,0.0,0.0,0.0,synthetic,False,,0.0,2.0
no_cache,debate_job_23,debate,9184.52688754329,6015.104397628136,9.792441896130184,1.89028141245636,11811.17150976001,0.0,20544,9194.31932943942,1088.0,2056.6261767525198,0.0,42752.0,0.0,0.017226006528,0.2469941804543999,0.0002801795072,0.001744830464,0.2662451969535999,0.2662451969535999,355408543744.0,355408543744.0,0.0,355408543744.0,0.0,0.0,0.0,0.0,synthetic,False,,0.0,2.0
no_cache,debate_job_24,debate,12418.311892758338,6015.104397628136,9.792441896130184,1.89028141245636,11811.17150976001,0.0,20544,12428.104334654468,1088.0,2056.6261767525198,0.0,42752.0,0.0,0.017226006528,0.2469941804543999,0.0002801795072,0.001744830464,0.2662451969535999,0.2662451969535999,355408543744.0,355408543744.0,0.0,355408543744.0,0.0,0.0,0.0,0.0,synthetic,False,,0.0,2.0
no_cache,debate_job_25,debate,12450.417335500972,6015.104397628136,9.792441896130184,1.89028141245636,11811.17150976001,0.0,20544,12460.209777397104,1088.0,2056.6261767525198,0.0,42752.0,0.0,0.017226006528,0.2469941804543999,0.0002801795072,0.001744830464,0.2662451969535999,0.2662451969535999,355408543744.0,355408543744.0,0.0,355408543744.0,0.0,0.0,0.0,0.0,synthetic,False,,0.0,2.0
no_cache,debate_job_26,debate,13287.696304651672,6015.104397628136,9.792441896130184,1.8902814124563612,11811.171509760006,0.0,20544,13297.488746547802,1088.0,2056.626176752521,0.0,42752.0,0.0,0.017226006528,0.2469941804543999,0.0002801795072,0.001744830464,0.2662451969535999,0.2662451969535999,355408543744.0,355408543744.0,0.0,355408543744.0,0.0,0.0,0.0,0.0,synthetic,False,,0.0,2.0
no_cache,debate_job_27,debate,14328.684689492922,6015.104397628129,9.792441896130184,1.8902814124563612,11811.171509759994,0.0,20544,14338.477131389052,1088.0,2056.626176752521,0.0,42752.0,0.0,0.017226006528,0.2469941804543999,0.0002801795072,0.001744830464,0.2662451969535999,0.2662451969535999,355408543744.0,355408543744.0,0.0,355408543744.0,0.0,0.0,0.0,0.0,synthetic,False,,0.0,2.0
no_cache,debate_job_28,debate,14410.482962261623,6015.104397628127,9.792441896130184,1.8902814124563612,11811.171509759988,0.0,20544,14420.275404157755,1088.0,2056.626176752521,0.0,42752.0,0.0,0.017226006528,0.2469941804543999,0.0002801795072,0.001744830464,0.2662451969535999,0.2662451969535999,355408543744.0,355408543744.0,0.0,355408543744.0,0.0,0.0,0.0,0.0,synthetic,False,,0.0,2.0
no_cache,debate_job_29,debate,15021.837608842816,6015.104397628125,9.792441896130184,1.8902814124563612,11811.17150975998,0.0,20544,15031.630050738946,1088.0,2056.626176752521,0.0,42752.0,0.0,0.017226006528,0.2469941804543999,0.0002801795072,0.001744830464,0.2662451969535999,0.2662451969535999,355408543744.0,355408543744.0,0.0,355408543744.0,0.0,0.0,0.0,0.0,synthetic,False,,0.0,2.0
no_cache,debate_job_3,debate,15431.07022768438,6015.104397628125,9.792441896130184,1.8902814124563612,11811.171509759975,0.0,20544,15440.86266958051,1088.0,2056.626176752521,0.0,42752.0,0.0,0.017226006528,0.2469941804543999,0.0002801795072,0.001744830464,0.2662451969535999,0.2662451969535999,355408543744.0,355408543744.0,0.0,355408543744.0,0.0,0.0,0.0,0.0,synthetic,False,,0.0,2.0
no_cache,debate_job_30,debate,16983.70834997414,6015.104397628122,9.792441896133823,1.8902814124563612,11811.17150975996,0.0,20544,16993.500791870272,1088.0,2056.626176752521,0.0,42752.0,0.0,0.017226006528,0.2469941804543999,0.0002801795072,0.001744830464,0.2662451969535999,0.2662451969535999,355408543744.0,355408543744.0,0.0,355408543744.0,0.0,0.0,0.0,0.0,synthetic,False,,0.0,2.0
no_cache,debate_job_31,debate,17101.575851895203,6015.104397628122,9.792441896133823,1.8902814124563612,11811.17150975996,0.0,20544,17111.368293791336,1088.0,2056.626176752521,0.0,42752.0,0.0,0.017226006528,0.2469941804543999,0.0002801795072,0.001744830464,0.2662451969535999,0.2662451969535999,355408543744.0,355408543744.0,0.0,355408543744.0,0.0,0.0,0.0,0.0,synthetic,False,,0.0,2.0
no_cache,debate_job_32,debate,17489.800411949072,6015.104397628122,9.792441896133823,1.8902814124563612,11811.17150975996,0.0,20544,17499.592853845206,1088.0,2056.626176752521,0.0,42752.0,0.0,0.017226006528,0.2469941804543999,0.0002801795072,0.001744830464,0.2662451969535999,0.2662451969535999,355408543744.0,355408543744.0,0.0,355408543744.0,0.0,0.0,0.0,0.0,synthetic,False,,0.0,2.0
no_cache,debate_job_33,debate,18560.272139988498,6015.104397628122,9.792441896133823,1.8902814124563612,11811.17150975996,0.0,20544,18570.06458188463,1088.0,2056.626176752521,0.0,42752.0,0.0,0.017226006528,0.2469941804543999,0.0002801795072,0.001744830464,0.2662451969535999,0.2662451969535999,355408543744.0,355408543744.0,0.0,355408543744.0,0.0,0.0,0.0,0.0,synthetic,False,,0.0,2.0
no_cache,debate_job_34,debate,19069.39674530753,6015.104397628122,9.792441896133823,1.8902814124563612,11811.17150975996,0.0,20544,19079.18918720367,1088.0,2056.626176752521,0.0,42752.0,0.0,0.017226006528,0.2469941804543999,0.0002801795072,0.001744830464,0.2662451969535999,0.2662451969535999,355408543744.0,355408543744.0,0.0,355408543744.0,0.0,0.0,0.0,0.0,synthetic,False,,0.0,2.0
no_cache,debate_job_35,debate,19254.348871447,6015.104397628122,9.792441896133823,1.8902814124563612,11811.17150975996,0.0,20544,19264.14131334313,1088.0,2056.626176752521,0.0,42752.0,0.0,0.017226006528,0.2469941804543999,0.0002801795072,0.001744830464,0.2662451969535999,0.2662451969535999,355408543744.0,355408543744.0,0.0,355408543744.0,0.0,0.0,0.0,0.0,synthetic,False,,0.0,2.0
no_cache,debate_job_36,debate,19297.053667604643,6015.104397628122,9.792441896133823,1.8902814124563612,11811.17150975996,0.0,20544,19306.846109500777,1088.0,2056.626176752521,0.0,42752.0,0.0,0.017226006528,0.2469941804543999,0.0002801795072,0.001744830464,0.2662451969535999,0.2662451969535999,355408543744.0,355408543744.0,0.0,355408543744.0,0.0,0.0,0.0,0.0,synthetic,False,,0.0,2.0
no_cache,debate_job_37,debate,20701.89622542155,6015.104397628122,9.792441896133823,1.8902814124563612,11811.17150975996,0.0,20544,20711.688667317685,1088.0,2056.626176752521,0.0,42752.0,0.0,0.017226006528,0.2469941804543999,0.0002801795072,0.001744830464,0.2662451969535999,0.2662451969535999,355408543744.0,355408543744.0,0.0,355408543744.0,0.0,0.0,0.0,0.0,synthetic,False,,0.0,2.0
no_cache,debate_job_38,debate,21023.216871019828,6015.104397628122,9.792441896133823,1.8902814124563612,11811.17150975996,0.0,20544,21033.00931291596,1088.0,2056.626176752521,0.0,42752.0,0.0,0.017226006528,0.2469941804543999,0.0002801795072,0.001744830464,0.2662451969535999,0.2662451969535999,355408543744.0,355408543744.0,0.0,355408543744.0,0.0,0.0,0.0,0.0,synthetic,False,,0.0,2.0
no_cache,debate_job_39,debate,23826.47889283164,6015.104397628122,9.792441896133823,1.8902814124563612,11811.17150975996,0.0,20544,23836.27133472777,1088.0,2056.626176752521,0.0,42752.0,0.0,0.017226006528,0.2469941804543999,0.0002801795072,0.001744830464,0.2662451969535999,0.2662451969535999,355408543744.0,355408543744.0,0.0,355408543744.0,0.0,0.0,0.0,0.0,synthetic,False,,0.0,2.0
no_cache,debate_job_4,debate,23902.825595943257,6015.104397628122,9.792441896133823,1.8902814124563612,11811.17150975996,0.0,20544,23912.61803783939,1088.0,2056.626176752521,0.0,42752.0,0.0,0.017226006528,0.2469941804543999,0.0002801795072,0.001744830464,0.2662451969535999,0.2662451969535999,355408543744.0,355408543744.0,0.0,355408543744.0,0.0,0.0,0.0,0.0,synthetic,False,,0.0,2.0
no_cache,debate_job_40,debate,24739.025773389643,6015.104397628122,9.792441896133823,1.8902814124563612,11811.17150975996,0.0,20544,24748.818215285777,1088.0,2056.626176752521,0.0,42752.0,0.0,0.017226006528,0.2469941804543999,0.0002801795072,0.001744830464,0.2662451969535999,0.2662451969535999,355408543744.0,355408543744.0,0.0,355408543744.0,0.0,0.0,0.0,0.0,synthetic,False,,0.0,2.0
no_cache,debate_job_41,debate,25578.3611487158,6015.104397628122,9.792441896133823,1.8902814124563612,11811.17150975996,0.0,20544,25588.15359061193,1088.0,2056.626176752521,0.0,42752.0,0.0,0.017226006528,0.2469941804543999,0.0002801795072,0.001744830464,0.2662451969535999,0.2662451969535999,355408543744.0,355408543744.0,0.0,355408543744.0,0.0,0.0,0.0,0.0,synthetic,False,,0.0,2.0
no_cache,debate_job_42,debate,26841.069385845247,6015.104397628118,9.792441896133823,1.890281412456358,11811.17150975996,0.0,20544,26850.86182774138,1088.0,2056.626176752517,0.0,42752.0,0.0,0.017226006528,0.2469941804543999,0.0002801795072,0.001744830464,0.2662451969535999,0.2662451969535999,355408543744.0,355408543744.0,0.0,355408543744.0,0.0,0.0,0.0,0.0,synthetic,False,,0.0,2.0
no_cache,debate_job_43,debate,26850.067018009308,6015.104397628122,9.792441896133823,1.8902814124563612,11811.17150975996,0.0,20544,26859.85945990544,1088.0,2056.626176752521,0.0,42752.0,0.0,0.017226006528,0.2469941804543999,0.0002801795072,0.001744830464,0.2662451969535999,0.2662451969535999,355408543744.0,355408543744.0,0.0,355408543744.0,0.0,0.0,0.0,0.0,synthetic,False,,0.0,2.0
no_cache,debate_job_44,debate,27082.82813411633,6015.104397628118,9.792441896133823,1.8902814124563612,11811.171509759955,0.0,20544,27092.62057601247,1088.0,2056.626176752521,0.0,42752.0,0.0,0.017226006528,0.2469941804543999,0.0002801795072,0.001744830464,0.2662451969535999,0.2662451969535999,355408543744.0,355408543744.0,0.0,355408543744.0,0.0,0.0,0.0,0.0,synthetic,False,,0.0,2.0
no_cache,debate_job_45,debate,27109.35397139055,6015.104397628122,9.792441896133823,1.8902814124563612,11811.17150975996,0.0,20544,27119.14641328668,1088.0,2056.626176752521,0.0,42752.0,0.0,0.017226006528,0.2469941804543999,0.0002801795072,0.001744830464,0.2662451969535999,0.2662451969535999,355408543744.0,355408543744.0,0.0,355408543744.0,0.0,0.0,0.0,0.0,synthetic,False,,0.0,2.0
no_cache,debate_job_46,debate,27806.58747170743,6015.104397628118,9.792441896133823,1.8902814124563612,11811.171509759955,0.0,20544,27816.379913603563,1088.0,2056.626176752521,0.0,42752.0,0.0,0.017226006528,0.2469941804543999,0.0002801795072,0.001744830464,0.2662451969535999,0.2662451969535999,355408543744.0,355408543744.0,0.0,355408543744.0,0.0,0.0,0.0,0.0,synthetic,False,,0.0,2.0
no_cache,debate_job_47,debate,28025.562305816275,6015.104397628122,9.792441896133823,1.8902814124563612,11811.17150975996,0.0,20544,28035.35474771241,1088.0,2056.626176752521,0.0,42752.0,0.0,0.017226006528,0.2469941804543999,0.0002801795072,0.001744830464,0.2662451969535999,0.2662451969535999,355408543744.0,355408543744.0,0.0,355408543744.0,0.0,0.0,0.0,0.0,synthetic,False,,0.0,2.0
no_cache,debate_job_48,debate,29628.85339256201,6015.104397628111,9.792441896133823,1.8902814124563547,11811.171509759948,0.0,20544,29638.645834458144,1088.0,2056.626176752514,0.0,42752.0,0.0,0.017226006528,0.2469941804543999,0.0002801795072,0.001744830464,0.2662451969535999,0.2662451969535999,355408543744.0,355408543744.0,0.0,355408543744.0,0.0,0.0,0.0,0.0,synthetic,False,,0.0,2.0
no_cache,debate_job_49,debate,29863.71843669052,6015.104397628114,9.792441896133823,1.8902814124563547,11811.171509759955,0.0,20544,29873.51087858665,1088.0,2056.626176752514,0.0,42752.0,0.0,0.017226006528,0.2469941804543999,0.0002801795072,0.001744830464,0.2662451969535999,0.2662451969535999,355408543744.0,355408543744.0,0.0,355408543744.0,0.0,0.0,0.0,0.0,synthetic,False,,0.0,2.0
no_cache,debate_job_5,debate,30608.158744632063,6015.104397628125,9.792441896133823,1.8902814124563516,11811.171509759974,0.0,20544,30617.9511865282,1088.0,2056.62617675251,0.0,42752.0,0.0,0.017226006528,0.2469941804543999,0.0002801795072,0.001744830464,0.2662451969535999,0.2662451969535999,355408543744.0,355408543744.0,0.0,355408543744.0,0.0,0.0,0.0,0.0,synthetic,False,,0.0,2.0
no_cache,debate_job_6,debate,31619.83559119012,6015.10439762814,9.792441896133823,1.8902814124563443,11811.171509760024,0.0,20544,31629.628033086254,1088.0,2056.626176752503,0.0,42752.0,0.0,0.017226006528,0.2469941804543999,0.0002801795072,0.001744830464,0.2662451969535999,0.2662451969535999,355408543744.0,355408543744.0,0.0,355408543744.0,0.0,0.0,0.0,0.0,synthetic,False,,0.0,2.0
no_cache,debate_job_7,debate,31756.36144481464,6015.104397628147,9.792441896133823,1.890281412456348,11811.171509760028,0.0,20544,31766.15388671077,1088.0,2056.6261767525066,0.0,42752.0,0.0,0.017226006528,0.2469941804543999,0.0002801795072,0.001744830464,0.2662451969535999,0.2662451969535999,355408543744.0,355408543744.0,0.0,355408543744.0,0.0,0.0,0.0,0.0,synthetic,False,,0.0,2.0
no_cache,debate_job_8,debate,32163.247271688346,6015.104397628144,9.792441896133823,1.890281412456348,11811.171509760046,0.0,20544,32173.03971358448,1088.0,2056.6261767525066,0.0,42752.0,0.0,0.017226006528,0.2469941804543999,0.0002801795072,0.001744830464,0.2662451969535999,0.2662451969535999,355408543744.0,355408543744.0,0.0,355408543744.0,0.0,0.0,0.0,0.0,synthetic,False,,0.0,2.0
no_cache,debate_job_9,debate,33741.10601277472,6015.104397628144,9.792441896133823,1.890281412456348,11811.171509760085,0.0,20544,33750.89845467085,1088.0,2056.6261767525066,0.0,42752.0,0.0,0.017226006528,0.2469941804543999,0.0002801795072,0.001744830464,0.2662451969535999,0.2662451969535999,355408543744.0,355408543744.0,0.0,355408543744.0,0.0,0.0,0.0,0.0,synthetic,False,,0.0,2.0
no_cache,long_context_swe_stress_job_0,long_context_swe_stress,34115.34904188261,33570.31709021516,27.65362898195599,6.572776216218401,37587.685926399936,0.0,67072,34143.00267086457,1024.0,6730.522845407642,0.0,42752.0,0.0,0.017226006528,0.2469941804543999,0.0002801795072,0.001744830464,0.2662451969535999,0.2662451969535999,355408543744.0,355408543744.0,0.0,355408543744.0,0.0,0.0,0.0,0.0,synthetic,False,,0.0,2.0
no_cache,long_context_swe_stress_job_1,long_context_swe_stress,34338.26437799648,33570.317090215154,27.65362898195599,6.572776216218401,37587.685926399936,0.0,67072,34365.918006978434,1024.0,6730.522845407642,0.0,42752.0,0.0,0.017226006528,0.2469941804543999,0.0002801795072,0.001744830464,0.2662451969535999,0.2662451969535999,355408543744.0,355408543744.0,0.0,355408543744.0,0.0,0.0,0.0,0.0,synthetic,False,,0.0,2.0
no_cache,long_context_swe_stress_job_10,long_context_swe_stress,34493.705855547414,33570.317090215154,27.65362898195599,6.572776216218401,37587.685926399936,0.0,67072,34521.35948452937,1024.0,6730.522845407642,0.0,42752.0,0.0,0.017226006528,0.2469941804543999,0.0002801795072,0.001744830464,0.2662451969535999,0.2662451969535999,355408543744.0,355408543744.0,0.0,355408543744.0,0.0,0.0,0.0,0.0,synthetic,False,,0.0,2.0
no_cache,long_context_swe_stress_job_11,long_context_swe_stress,35265.69410611669,33570.31709021516,27.65362898195599,6.572776216218401,37587.685926399936,0.0,67072,35293.34773509864,1024.0,6730.522845407642,0.0,42752.0,0.0,0.017226006528,0.2469941804543999,0.0002801795072,0.001744830464,0.2662451969535999,0.2662451969535999,355408543744.0,355408543744.0,0.0,355408543744.0,0.0,0.0,0.0,0.0,synthetic,False,,0.0,2.0
no_cache,long_context_swe_stress_job_12,long_context_swe_stress,35372.75349333847,33570.317090215154,27.65362898195599,6.572776216218401,37587.685926399936,0.0,67072,35400.40712232042,1024.0,6730.522845407642,0.0,42752.0,0.0,0.017226006528,0.2469941804543999,0.0002801795072,0.001744830464,0.2662451969535999,0.2662451969535999,355408543744.0,355408543744.0,0.0,355408543744.0,0.0,0.0,0.0,0.0,synthetic,False,,0.0,2.0
no_cache,long_context_swe_stress_job_13,long_context_swe_stress,35835.79327453765,33570.317090215154,27.65362898195599,6.572776216218401,37587.685926399936,0.0,67072,35863.44690351961,1024.0,6730.522845407642,0.0,42752.0,0.0,0.017226006528,0.2469941804543999,0.0002801795072,0.001744830464,0.2662451969535999,0.2662451969535999,355408543744.0,355408543744.0,0.0,355408543744.0,0.0,0.0,0.0,0.0,synthetic,False,,0.0,2.0
no_cache,long_context_swe_stress_job_14,long_context_swe_stress,36241.24811566322,33570.317090215154,27.65362898195599,6.572776216218401,37587.685926399936,0.0,67072,36268.901744645176,1024.0,6730.522845407642,0.0,42752.0,0.0,0.017226006528,0.2469941804543999,0.0002801795072,0.001744830464,0.2662451969535999,0.2662451969535999,355408543744.0,355408543744.0,0.0,355408543744.0,0.0,0.0,0.0,0.0,synthetic,False,,0.0,2.0
no_cache,long_context_swe_stress_job_15,long_context_swe_stress,36644.38458354891,33570.317090215154,27.65362898195599,6.572776216218401,37587.685926399936,0.0,67072,36672.03821253087,1024.0,6730.522845407642,0.0,42752.0,0.0,0.017226006528,0.2469941804543999,0.0002801795072,0.001744830464,0.2662451969535999,0.2662451969535999,355408543744.0,355408543744.0,0.0,355408543744.0,0.0,0.0,0.0,0.0,synthetic,False,,0.0,2.0
no_cache,long_context_swe_stress_job_16,long_context_swe_stress,36713.72026586566,33570.31709021516,27.65362898195599,6.572776216218401,37587.685926399936,0.0,67072,36741.37389484762,1024.0,6730.522845407642,0.0,42752.0,0.0,0.017226006528,0.2469941804543999,0.0002801795072,0.001744830464,0.2662451969535999,0.2662451969535999,355408543744.0,355408543744.0,0.0,355408543744.0,0.0,0.0,0.0,0.0,synthetic,False,,0.0,2.0
no_cache,long_context_swe_stress_job_17,long_context_swe_stress,37251.019442593,33570.31709021516,27.65362898195599,6.572776216218401,37587.685926399936,0.0,67072,37278.67307157495,1024.0,6730.522845407642,0.0,42752.0,0.0,0.017226006528,0.2469941804543999,0.0002801795072,0.001744830464,0.2662451969535999,0.2662451969535999,355408543744.0,355408543744.0,0.0,355408543744.0,0.0,0.0,0.0,0.0,synthetic,False,,0.0,2.0
no_cache,long_context_swe_stress_job_18,long_context_swe_stress,38492.64880226482,33570.3170902152,27.65362898195599,6.572776216218401,37587.68592639999,0.0,67072,38520.302431246775,1024.0,6730.522845407642,0.0,42752.0,0.0,0.017226006528,0.2469941804543999,0.0002801795072,0.001744830464,0.2662451969535999,0.2662451969535999,355408543744.0,355408543744.0,0.0,355408543744.0,0.0,0.0,0.0,0.0,synthetic,False,,0.0,2.0
no_cache,long_context_swe_stress_job_19,long_context_swe_stress,38684.6564527144,33570.3170902152,27.65362898195599,6.572776216218401,37587.68592639999,0.0,67072,38712.31008169636,1024.0,6730.522845407642,0.0,42752.0,0.0,0.017226006528,0.2469941804543999,0.0002801795072,0.001744830464,0.2662451969535999,0.2662451969535999,355408543744.0,355408543744.0,0.0,355408543744.0,0.0,0.0,0.0,0.0,synthetic,False,,0.0,2.0
no_cache,long_context_swe_stress_job_2,long_context_swe_stress,38886.44479138717,33570.317090215205,27.65362898195599,6.572776216218401,37587.68592639999,0.0,67072,38914.098420369126,1024.0,6730.522845407642,0.0,42752.0,0.0,0.017226006528,0.2469941804543999,0.0002801795072,0.001744830464,0.2662451969535999,0.2662451969535999,355408543744.0,355408543744.0,0.0,355408543744.0,0.0,0.0,0.0,0.0,synthetic,False,,0.0,2.0
no_cache,long_context_swe_stress_job_20,long_context_swe_stress,40085.11668827137,33570.317090215205,27.65362898195599,6.572776216218401,37587.68592639999,0.0,67072,40112.77031725333,1024.0,6730.522845407642,0.0,42752.0,0.0,0.017226006528,0.2469941804543999,0.0002801795072,0.001744830464,0.2662451969535999,0.2662451969535999,355408543744.0,355408543744.0,0.0,355408543744.0,0.0,0.0,0.0,0.0,synthetic,False,,0.0,2.0
no_cache,long_context_swe_stress_job_21,long_context_swe_stress,40516.90083436688,33570.3170902152,27.65362898195599,6.572776216218401,37587.68592639999,0.0,67072,40544.55446334883,1024.0,6730.522845407642,0.0,42752.0,0.0,0.017226006528,0.2469941804543999,0.0002801795072,0.001744830464,0.2662451969535999,0.2662451969535999,355408543744.0,355408543744.0,0.0,355408543744.0,0.0,0.0,0.0,0.0,synthetic,False,,0.0,2.0
no_cache,long_context_swe_stress_job_22,long_context_swe_stress,40676.02488814783,33570.3170902152,27.65362898195599,6.572776216218401,37587.68592639999,0.0,67072,40703.67851712978,1024.0,6730.522845407642,0.0,42752.0,0.0,0.017226006528,0.2469941804543999,0.0002801795072,0.001744830464,0.2662451969535999,0.2662451969535999,355408543744.0,355408543744.0,0.0,355408543744.0,0.0,0.0,0.0,0.0,synthetic,False,,0.0,2.0
no_cache,long_context_swe_stress_job_23,long_context_swe_stress,40680.93055164495,33570.317090215205,27.65362898195599,6.572776216218401,37587.68592639999,0.0,67072,40708.58418062691,1024.0,6730.522845407642,0.0,42752.0,0.0,0.017226006528,0.2469941804543999,0.0002801795072,0.001744830464,0.2662451969535999,0.2662451969535999,355408543744.0,355408543744.0,0.0,355408543744.0,0.0,0.0,0.0,0.0,synthetic,False,,0.0,2.0
no_cache,long_context_swe_stress_job_24,long_context_swe_stress,41380.65976347338,33570.3170902152,27.65362898195599,6.572776216218401,37587.68592639999,0.0,67072,41408.31339245534,1024.0,6730.522845407642,0.0,42752.0,0.0,0.017226006528,0.2469941804543999,0.0002801795072,0.001744830464,0.2662451969535999,0.2662451969535999,355408543744.0,355408543744.0,0.0,355408543744.0,0.0,0.0,0.0,0.0,synthetic,False,,0.0,2.0
no_cache,long_context_swe_stress_job_25,long_context_swe_stress,41594.51818837705,33570.3170902152,27.65362898195599,6.572776216218401,37587.68592639999,0.0,67072,41622.171817359005,1024.0,6730.522845407642,0.0,42752.0,0.0,0.017226006528,0.2469941804543999,0.0002801795072,0.001744830464,0.2662451969535999,0.2662451969535999,355408543744.0,355408543744.0,0.0,355408543744.0,0.0,0.0,0.0,0.0,synthetic,False,,0.0,2.0
no_cache,long_context_swe_stress_job_26,long_context_swe_stress,41909.2842039195,33570.3170902152,27.65362898195599,6.572776216218401,37587.68592639999,0.0,67072,41936.93783290146,1024.0,6730.522845407642,0.0,42752.0,0.0,0.017226006528,0.2469941804543999,0.0002801795072,0.001744830464,0.2662451969535999,0.2662451969535999,355408543744.0,355408543744.0,0.0,355408543744.0,0.0,0.0,0.0,0.0,synthetic,False,,0.0,2.0
no_cache,long_context_swe_stress_job_27,long_context_swe_stress,42068.35689520225,33570.317090215205,27.65362898195599,6.572776216218401,37587.68592639999,0.0,67072,42096.0105241842,1024.0,6730.522845407642,0.0,42752.0,0.0,0.017226006528,0.2469941804543999,0.0002801795072,0.001744830464,0.2662451969535999,0.2662451969535999,355408543744.0,355408543744.0,0.0,355408543744.0,0.0,0.0,0.0,0.0,synthetic,False,,0.0,2.0
no_cache,long_context_swe_stress_job_28,long_context_swe_stress,42569.69258462527,33570.31709021525,27.65362898195599,6.572776216218408,37587.68592640003,0.0,67072,42597.34621360723,1024.0,6730.52284540765,0.0,42752.0,0.0,0.017226006528,0.2469941804543999,0.0002801795072,0.001744830464,0.2662451969535999,0.2662451969535999,355408543744.0,355408543744.0,0.0,355408543744.0,0.0,0.0,0.0,0.0,synthetic,False,,0.0,2.0
no_cache,long_context_swe_stress_job_29,long_context_swe_stress,43222.48218730734,33570.31709021525,27.65362898195599,6.572776216218408,37587.68592640003,0.0,67072,43250.135816289294,1024.0,6730.52284540765,0.0,42752.0,0.0,0.017226006528,0.2469941804543999,0.0002801795072,0.001744830464,0.2662451969535999,0.2662451969535999,355408543744.0,355408543744.0,0.0,355408543744.0,0.0,0.0,0.0,0.0,synthetic,False,,0.0,2.0
no_cache,long_context_swe_stress_job_3,long_context_swe_stress,43407.8604917547,33570.31709021524,27.65362898195599,6.572776216218408,37587.68592640003,0.0,67072,43435.514120736654,1024.0,6730.52284540765,0.0,42752.0,0.0,0.017226006528,0.2469941804543999,0.0002801795072,0.001744830464,0.2662451969535999,0.2662451969535999,355408543744.0,355408543744.0,0.0,355408543744.0,0.0,0.0,0.0,0.0,synthetic,False,,0.0,2.0
no_cache,long_context_swe_stress_job_30,long_context_swe_stress,43446.85738076432,33570.31709021524,27.65362898195599,6.572776216218408,37587.68592640003,0.0,67072,43474.51100974628,1024.0,6730.52284540765,0.0,42752.0,0.0,0.017226006528,0.2469941804543999,0.0002801795072,0.001744830464,0.2662451969535999,0.2662451969535999,355408543744.0,355408543744.0,0.0,355408543744.0,0.0,0.0,0.0,0.0,synthetic,False,,0.0,2.0
no_cache,long_context_swe_stress_job_31,long_context_swe_stress,45610.26795618258,33570.31709021525,27.65362898195599,6.572776216218408,37587.68592640003,0.0,67072,45637.921585164535,1024.0,6730.52284540765,0.0,42752.0,0.0,0.017226006528,0.2469941804543999,0.0002801795072,0.001744830464,0.2662451969535999,0.2662451969535999,355408543744.0,355408543744.0,0.0,355408543744.0,0.0,0.0,0.0,0.0,synthetic,False,,0.0,2.0
no_cache,long_context_swe_stress_job_32,long_context_swe_stress,46814.46925599334,33570.31709021524,27.65362898195599,6.572776216218408,37587.68592640003,0.0,67072,46842.122884975295,1024.0,6730.52284540765,0.0,42752.0,0.0,0.017226006528,0.2469941804543999,0.0002801795072,0.001744830464,0.2662451969535999,0.2662451969535999,355408543744.0,355408543744.0,0.0,355408543744.0,0.0,0.0,0.0,0.0,synthetic,False,,0.0,2.0
no_cache,long_context_swe_stress_job_33,long_context_swe_stress,46824.908166680645,33570.31709021525,27.65362898195599,6.572776216218408,37587.68592640003,0.0,67072,46852.5617956626,1024.0,6730.52284540765,0.0,42752.0,0.0,0.017226006528,0.2469941804543999,0.0002801795072,0.001744830464,0.2662451969535999,0.2662451969535999,355408543744.0,355408543744.0,0.0,355408543744.0,0.0,0.0,0.0,0.0,synthetic,False,,0.0,2.0
no_cache,long_context_swe_stress_job_34,long_context_swe_stress,47240.17666882541,33570.31709021525,27.65362898195599,6.572776216218408,37587.68592640003,0.0,67072,47267.83029780737,1024.0,6730.52284540765,0.0,42752.0,0.0,0.017226006528,0.2469941804543999,0.0002801795072,0.001744830464,0.2662451969535999,0.2662451969535999,355408543744.0,355408543744.0,0.0,355408543744.0,0.0,0.0,0.0,0.0,synthetic,False,,0.0,2.0
no_cache,long_context_swe_stress_job_35,long_context_swe_stress,47819.35515463888,33570.31709021525,27.65362898195599,6.572776216218408,37587.68592640003,0.0,67072,47847.00878362083,1024.0,6730.52284540765,0.0,42752.0,0.0,0.017226006528,0.2469941804543999,0.0002801795072,0.001744830464,0.2662451969535999,0.2662451969535999,355408543744.0,355408543744.0,0.0,355408543744.0,0.0,0.0,0.0,0.0,synthetic,False,,0.0,2.0
no_cache,long_context_swe_stress_job_36,long_context_swe_stress,48077.28491484672,33570.31709021524,27.65362898195599,6.572776216218408,37587.68592640003,0.0,67072,48104.93854382867,1024.0,6730.52284540765,0.0,42752.0,0.0,0.017226006528,0.2469941804543999,0.0002801795072,0.001744830464,0.2662451969535999,0.2662451969535999,355408543744.0,355408543744.0,0.0,355408543744.0,0.0,0.0,0.0,0.0,synthetic,False,,0.0,2.0
no_cache,long_context_swe_stress_job_37,long_context_swe_stress,48734.99875361112,33570.31709021525,27.65362898195599,6.572776216218408,37587.68592640003,0.0,67072,48762.65238259307,1024.0,6730.52284540765,0.0,42752.0,0.0,0.017226006528,0.2469941804543999,0.0002801795072,0.001744830464,0.2662451969535999,0.2662451969535999,355408543744.0,355408543744.0,0.0,355408543744.0,0.0,0.0,0.0,0.0,synthetic,False,,0.0,2.0
no_cache,long_context_swe_stress_job_38,long_context_swe_stress,50342.13361130699,33570.31709021524,27.65362898195599,6.572776216218408,37587.68592640003,0.0,67072,50369.78724028895,1024.0,6730.52284540765,0.0,42752.0,0.0,0.017226006528,0.2469941804543999,0.0002801795072,0.001744830464,0.2662451969535999,0.2662451969535999,355408543744.0,355408543744.0,0.0,355408543744.0,0.0,0.0,0.0,0.0,synthetic,False,,0.0,2.0
no_cache,long_context_swe_stress_job_39,long_context_swe_stress,50788.11143775591,33570.31709021525,27.65362898195599,6.572776216218408,37587.68592640003,0.0,67072,50815.76506673787,1024.0,6730.52284540765,0.0,42752.0,0.0,0.017226006528,0.2469941804543999,0.0002801795072,0.001744830464,0.2662451969535999,0.2662451969535999,355408543744.0,355408543744.0,0.0,355408543744.0,0.0,0.0,0.0,0.0,synthetic,False,,0.0,2.0
no_cache,long_context_swe_stress_job_4,long_context_swe_stress,51036.55129258968,33570.31709021524,27.65362898195599,6.572776216218408,37587.68592640003,0.0,67072,51064.20492157164,1024.0,6730.52284540765,0.0,42752.0,0.0,0.017226006528,0.2469941804543999,0.0002801795072,0.001744830464,0.2662451969535999,0.2662451969535999,355408543744.0,355408543744.0,0.0,355408543744.0,0.0,0.0,0.0,0.0,synthetic,False,,0.0,2.0
no_cache,long_context_swe_stress_job_40,long_context_swe_stress,51145.41053694161,33570.31709021525,27.65362898195599,6.572776216218408,37587.68592640003,0.0,67072,51173.06416592356,1024.0,6730.52284540765,0.0,42752.0,0.0,0.017226006528,0.2469941804543999,0.0002801795072,0.001744830464,0.2662451969535999,0.2662451969535999,355408543744.0,355408543744.0,0.0,355408543744.0,0.0,0.0,0.0,0.0,synthetic,False,,0.0,2.0
no_cache,long_context_swe_stress_job_41,long_context_swe_stress,51290.198110932455,33570.31709021525,27.65362898195599,6.572776216218408,37587.68592640003,0.0,67072,51317.85173991441,1024.0,6730.52284540765,0.0,42752.0,0.0,0.017226006528,0.2469941804543999,0.0002801795072,0.001744830464,0.2662451969535999,0.2662451969535999,355408543744.0,355408543744.0,0.0,355408543744.0,0.0,0.0,0.0,0.0,synthetic,False,,0.0,2.0
no_cache,long_context_swe_stress_job_42,long_context_swe_stress,51371.929259776894,33570.31709021525,27.65362898195599,6.572776216218408,37587.68592640003,0.0,67072,51399.58288875885,1024.0,6730.52284540765,0.0,42752.0,0.0,0.017226006528,0.2469941804543999,0.0002801795072,0.001744830464,0.2662451969535999,0.2662451969535999,355408543744.0,355408543744.0,0.0,355408543744.0,0.0,0.0,0.0,0.0,synthetic,False,,0.0,2.0
no_cache,long_context_swe_stress_job_43,long_context_swe_stress,51430.42531247773,33570.31709021525,27.65362898195599,6.572776216218408,37587.68592640003,0.0,67072,51458.07894145969,1024.0,6730.52284540765,0.0,42752.0,0.0,0.017226006528,0.2469941804543999,0.0002801795072,0.001744830464,0.2662451969535999,0.2662451969535999,355408543744.0,355408543744.0,0.0,355408543744.0,0.0,0.0,0.0,0.0,synthetic,False,,0.0,2.0
no_cache,long_context_swe_stress_job_44,long_context_swe_stress,51549.801249547,33570.31709021524,27.65362898195599,6.572776216218408,37587.68592640003,0.0,67072,51577.45487852895,1024.0,6730.52284540765,0.0,42752.0,0.0,0.017226006528,0.2469941804543999,0.0002801795072,0.001744830464,0.2662451969535999,0.2662451969535999,355408543744.0,355408543744.0,0.0,355408543744.0,0.0,0.0,0.0,0.0,synthetic,False,,0.0,2.0
no_cache,long_context_swe_stress_job_45,long_context_swe_stress,52472.45824195357,33570.31709021525,27.65362898195599,6.572776216218408,37587.68592640003,0.0,67072,52500.11187093553,1024.0,6730.52284540765,0.0,42752.0,0.0,0.017226006528,0.2469941804543999,0.0002801795072,0.001744830464,0.2662451969535999,0.2662451969535999,355408543744.0,355408543744.0,0.0,355408543744.0,0.0,0.0,0.0,0.0,synthetic,False,,0.0,2.0
no_cache,long_context_swe_stress_job_46,long_context_swe_stress,52857.44855791896,33570.31709021524,27.65362898195599,6.572776216218408,37587.68592640003,0.0,67072,52885.10218690091,1024.0,6730.52284540765,0.0,42752.0,0.0,0.017226006528,0.2469941804543999,0.0002801795072,0.001744830464,0.2662451969535999,0.2662451969535999,355408543744.0,355408543744.0,0.0,355408543744.0,0.0,0.0,0.0,0.0,synthetic,False,,0.0,2.0
no_cache,long_context_swe_stress_job_47,long_context_swe_stress,53674.661765435325,33570.31709021524,27.65362898195599,6.572776216218408,37587.68592640003,0.0,67072,53702.31539441728,1024.0,6730.52284540765,0.0,42752.0,0.0,0.017226006528,0.2469941804543999,0.0002801795072,0.001744830464,0.2662451969535999,0.2662451969535999,355408543744.0,355408543744.0,0.0,355408543744.0,0.0,0.0,0.0,0.0,synthetic,False,,0.0,2.0
no_cache,long_context_swe_stress_job_48,long_context_swe_stress,54938.68845021935,33570.31709021524,27.65362898195599,6.572776216218408,37587.68592640003,0.0,67072,54966.342079201306,1024.0,6730.52284540765,0.0,42752.0,0.0,0.017226006528,0.2469941804543999,0.0002801795072,0.001744830464,0.2662451969535999,0.2662451969535999,355408543744.0,355408543744.0,0.0,355408543744.0,0.0,0.0,0.0,0.0,synthetic,False,,0.0,2.0
no_cache,long_context_swe_stress_job_49,long_context_swe_stress,55771.12328996097,33570.31709021524,27.65362898195599,6.572776216218408,37587.68592640003,0.0,67072,55798.77691894293,1024.0,6730.52284540765,0.0,42752.0,0.0,0.017226006528,0.2469941804543999,0.0002801795072,0.001744830464,0.2662451969535999,0.2662451969535999,355408543744.0,355408543744.0,0.0,355408543744.0,0.0,0.0,0.0,0.0,synthetic,False,,0.0,2.0
no_cache,long_context_swe_stress_job_5,long_context_swe_stress,55796.47683003731,33570.31709021525,27.65362898195599,6.572776216218408,37587.68592640003,0.0,67072,55824.13045901927,1024.0,6730.52284540765,0.0,42752.0,0.0,0.017226006528,0.2469941804543999,0.0002801795072,0.001744830464,0.2662451969535999,0.2662451969535999,355408543744.0,355408543744.0,0.0,355408543744.0,0.0,0.0,0.0,0.0,synthetic,False,,0.0,2.0
no_cache,long_context_swe_stress_job_6,long_context_swe_stress,57098.04543640074,33570.31709021524,27.65362898195599,6.572776216218408,37587.68592640003,0.0,67072,57125.69906538269,1024.0,6730.52284540765,0.0,42752.0,0.0,0.017226006528,0.2469941804543999,0.0002801795072,0.001744830464,0.2662451969535999,0.2662451969535999,355408543744.0,355408543744.0,0.0,355408543744.0,0.0,0.0,0.0,0.0,synthetic,False,,0.0,2.0
no_cache,long_context_swe_stress_job_7,long_context_swe_stress,57146.73732046508,33570.31709021525,27.65362898195599,6.572776216218408,37587.68592640003,0.0,67072,57174.39094944704,1024.0,6730.52284540765,0.0,42752.0,0.0,0.017226006528,0.2469941804543999,0.0002801795072,0.001744830464,0.2662451969535999,0.2662451969535999,355408543744.0,355408543744.0,0.0,355408543744.0,0.0,0.0,0.0,0.0,synthetic,False,,0.0,2.0
no_cache,long_context_swe_stress_job_8,long_context_swe_stress,57883.67921433308,33570.31709021524,27.65362898195599,6.572776216218408,37587.68592640003,0.0,67072,57911.33284331503,1024.0,6730.52284540765,0.0,42752.0,0.0,0.017226006528,0.2469941804543999,0.0002801795072,0.001744830464,0.2662451969535999,0.2662451969535999,355408543744.0,355408543744.0,0.0,355408543744.0,0.0,0.0,0.0,0.0,synthetic,False,,0.0,2.0
no_cache,long_context_swe_stress_job_9,long_context_swe_stress,58796.679346378856,33570.31709021521,27.65362898195599,6.572776216218415,37587.6859264,0.0,67072,58824.33297536081,1024.0,6730.522845407657,0.0,42752.0,0.0,0.017226006528,0.2469941804543999,0.0002801795072,0.001744830464,0.2662451969535999,0.2662451969535999,355408543744.0,355408543744.0,0.0,355408543744.0,0.0,0.0,0.0,0.0,synthetic,False,,0.0,2.0
apc_like,debate_job_0,debate,369.05544268393913,6027.300136508127,9.792441896130924,1.8902814124563556,11838.015773439998,0.0,20544,378.84788458007006,1088.0,2056.6261767525148,0.4342105263157895,21632.0,21120.0,0.0089212846079999,0.246312656386048,0.0001400897536,0.000684443303936,0.256058474051584,0.256058474051584,355408543744.0,355408543744.0,0.0,355408543744.0,0.0,0.0,0.0,0.0,synthetic,False,,0.0,2.0
apc_like,debate_job_1,debate,1190.787533244525,6027.300136508127,5.470998056131066,1.8902814124563556,11838.015773439998,0.0,20544,1196.2585313006562,1088.0,2056.6261767525148,0.4342105263157895,21632.0,21120.0,0.0089212846079999,0.246312656386048,0.0001400897536,0.000684443303936,0.256058474051584,0.256058474051584,355408543744.0,355408543744.0,0.0,355408543744.0,0.0,0.0,0.0,0.0,synthetic,False,,0.0,2.0
apc_like,debate_job_10,debate,2806.4486933581725,6027.300136508124,9.79244189613064,1.8902814124563565,11838.01577343999,0.0,20544,2816.241135254303,1088.0,2056.626176752516,0.4342105263157895,21632.0,21120.0,0.0089212846079999,0.246312656386048,0.0001400897536,0.000684443303936,0.256058474051584,0.256058474051584,355408543744.0,355408543744.0,0.0,355408543744.0,0.0,0.0,0.0,0.0,synthetic,False,,0.0,2.0
apc_like,debate_job_11,debate,2977.4300989315475,6027.300136508125,5.470998056130611,1.890281412456356,11838.01577343999,0.0,20544,2982.901096987678,1088.0,2056.626176752515,0.4342105263157895,21632.0,21120.0,0.0089212846079999,0.246312656386048,0.0001400897536,0.000684443303936,0.256058474051584,0.256058474051584,355408543744.0,355408543744.0,0.0,355408543744.0,0.0,0.0,0.0,0.0,synthetic,False,,0.0,2.0
apc_like,debate_job_12,debate,3703.876801405687,6027.3001365081245,5.470998056130611,1.8902814124563565,11838.01577343999,0.0,20544,3709.3477994618174,1088.0,2056.626176752516,0.4342105263157895,21632.0,21120.0,0.0089212846079999,0.246312656386048,0.0001400897536,0.000684443303936,0.256058474051584,0.256058474051584,355408543744.0,355408543744.0,0.0,355408543744.0,0.0,0.0,0.0,0.0,synthetic,False,,0.0,2.0
apc_like,debate_job_13,debate,4312.946248433527,6027.300136508133,5.470998056131066,1.8902814124563567,11838.015773440002,0.0,20544,4318.417246489658,1088.0,2056.6261767525166,0.4342105263157895,21632.0,21120.0,0.0089212846079999,0.246312656386048,0.0001400897536,0.000684443303936,0.256058474051584,0.256058474051584,355408543744.0,355408543744.0,0.0,355408543744.0,0.0,0.0,0.0,0.0,synthetic,False,,0.0,2.0
apc_like,debate_job_14,debate,4854.3891348348325,6027.300136508134,5.470998056131066,1.8902814124563567,11838.015773440002,0.0,20544,4859.860132890964,1088.0,2056.6261767525166,0.4342105263157895,21632.0,21120.0,0.0089212846079999,0.246312656386048,0.0001400897536,0.000684443303936,0.256058474051584,0.256058474051584,355408543744.0,355408543744.0,0.0,355408543744.0,0.0,0.0,0.0,0.0,synthetic,False,,0.0,2.0
apc_like,debate_job_15,debate,4912.747089969397,6027.300136508134,5.470998056131066,1.8902814124563567,11838.015773440002,0.0,20544,4918.218088025528,1088.0,2056.6261767525166,0.4342105263157895,21632.0,21120.0,0.0089212846079999,0.246312656386048,0.0001400897536,0.000684443303936,0.256058474051584,0.256058474051584,355408543744.0,355408543744.0,0.0,355408543744.0,0.0,0.0,0.0,0.0,synthetic,False,,0.0,2.0
apc_like,debate_job_16,debate,4926.400201648221,6027.300136508135,5.470998056131066,1.890281412456358,11838.015773440004,0.0,20544,4931.871199704352,1088.0,2056.626176752517,0.4342105263157895,21632.0,21120.0,0.0089212846079999,0.246312656386048,0.0001400897536,0.000684443303936,0.256058474051584,0.256058474051584,355408543744.0,355408543744.0,0.0,355408543744.0,0.0,0.0,0.0,0.0,synthetic,False,,0.0,2.0
apc_like,debate_job_17,debate,5168.793262223428,6027.300136508135,5.470998056131066,1.890281412456358,11838.015773440004,0.0,20544,5174.26426027956,1088.0,2056.626176752517,0.4342105263157895,21632.0,21120.0,0.0089212846079999,0.246312656386048,0.0001400897536,0.000684443303936,0.256058474051584,0.256058474051584,355408543744.0,355408543744.0,0.0,355408543744.0,0.0,0.0,0.0,0.0,synthetic,False,,0.0,2.0
apc_like,debate_job_18,debate,5854.782319241877,6027.300136508137,5.470998056131066,1.8902814124563587,11838.015773440007,0.0,20544,5860.253317298008,1088.0,2056.6261767525184,0.4342105263157895,21632.0,21120.0,0.0089212846079999,0.246312656386048,0.0001400897536,0.000684443303936,0.256058474051584,0.256058474051584,355408543744.0,355408543744.0,0.0,355408543744.0,0.0,0.0,0.0,0.0,synthetic,False,,0.0,2.0
apc_like,debate_job_19,debate,6000.215064661775,6027.300136508137,5.470998056131066,1.8902814124563587,11838.015773440007,0.0,20544,6005.686062717906,1088.0,2056.6261767525184,0.4342105263157895,21632.0,21120.0,0.0089212846079999,0.246312656386048,0.0001400897536,0.000684443303936,0.256058474051584,0.256058474051584,355408543744.0,355408543744.0,0.0,355408543744.0,0.0,0.0,0.0,0.0,synthetic,False,,0.0,2.0
apc_like,debate_job_2,debate,6348.393899564685,6027.300136508137,5.470998056131066,1.8902814124563587,11838.015773440007,0.0,20544,6353.864897620816,1088.0,2056.6261767525184,0.4342105263157895,21632.0,21120.0,0.0089212846079999,0.246312656386048,0.0001400897536,0.000684443303936,0.256058474051584,0.256058474051584,355408543744.0,355408543744.0,0.0,355408543744.0,0.0,0.0,0.0,0.0,synthetic,False,,0.0,2.0
apc_like,debate_job_20,debate,6539.342725073577,6027.300136508138,9.792441896131097,1.89028141245636,11838.015773440013,0.0,20544,6549.135166969708,1088.0,2056.6261767525198,0.4342105263157895,21632.0,21120.0,0.0089212846079999,0.246312656386048,0.0001400897536,0.000684443303936,0.256058474051584,0.256058474051584,355408543744.0,355408543744.0,0.0,355408543744.0,0.0,0.0,0.0,0.0,synthetic,False,,0.0,2.0
apc_like,debate_job_21,debate,7475.809513087092,6027.300136508135,5.470998056131066,1.8902814124563587,11838.015773440013,0.0,20544,7481.280511143223,1088.0,2056.6261767525184,0.4342105263157895,21632.0,21120.0,0.0089212846079999,0.246312656386048,0.0001400897536,0.000684443303936,0.256058474051584,0.256058474051584,355408543744.0,355408543744.0,0.0,355408543744.0,0.0,0.0,0.0,0.0,synthetic,False,,0.0,2.0
apc_like,debate_job_22,debate,8927.7865340935,6027.300136508138,5.470998056131066,1.89028141245636,11838.015773440013,0.0,20544,8933.257532149632,1088.0,2056.6261767525198,0.4342105263157895,21632.0,21120.0,0.0089212846079999,0.246312656386048,0.0001400897536,0.000684443303936,0.256058474051584,0.256058474051584,355408543744.0,355408543744.0,0.0,355408543744.0,0.0,0.0,0.0,0.0,synthetic,False,,0.0,2.0
apc_like,debate_job_23,debate,9184.52688754329,6027.300136508138,5.470998056131066,1.89028141245636,11838.015773440013,0.0,20544,9189.99788559942,1088.0,2056.6261767525198,0.4342105263157895,21632.0,21120.0,0.0089212846079999,0.246312656386048,0.0001400897536,0.000684443303936,0.256058474051584,0.256058474051584,355408543744.0,355408543744.0,0.0,355408543744.0,0.0,0.0,0.0,0.0,synthetic,False,,0.0,2.0
apc_like,debate_job_24,debate,12418.311892758338,6027.30013650814,5.470998056131066,1.8902814124563612,11838.015773440013,0.0,20544,12423.78289081447,1088.0,2056.626176752521,0.4342105263157895,21632.0,21120.0,0.0089212846079999,0.246312656386048,0.0001400897536,0.000684443303936,0.256058474051584,0.256058474051584,355408543744.0,355408543744.0,0.0,355408543744.0,0.0,0.0,0.0,0.0,synthetic,False,,0.0,2.0
apc_like,debate_job_25,debate,12450.417335500972,6027.30013650814,5.470998056131066,1.8902814124563612,11838.015773440013,0.0,20544,12455.888333557104,1088.0,2056.626176752521,0.4342105263157895,21632.0,21120.0,0.0089212846079999,0.246312656386048,0.0001400897536,0.000684443303936,0.256058474051584,0.256058474051584,355408543744.0,355408543744.0,0.0,355408543744.0,0.0,0.0,0.0,0.0,synthetic,False,,0.0,2.0
apc_like,debate_job_26,debate,13287.696304651672,6027.300136508136,5.470998056131066,1.8902814124563612,11838.015773440007,0.0,20544,13293.167302707803,1088.0,2056.626176752521,0.4342105263157895,21632.0,21120.0,0.0089212846079999,0.246312656386048,0.0001400897536,0.000684443303936,0.256058474051584,0.256058474051584,355408543744.0,355408543744.0,0.0,355408543744.0,0.0,0.0,0.0,0.0,synthetic,False,,0.0,2.0
apc_like,debate_job_27,debate,14328.684689492922,6027.300136508133,5.470998056131066,1.8902814124563612,11838.015773440002,0.0,20544,14334.155687549051,1088.0,2056.626176752521,0.4342105263157895,21632.0,21120.0,0.0089212846079999,0.246312656386048,0.0001400897536,0.000684443303936,0.256058474051584,0.256058474051584,355408543744.0,355408543744.0,0.0,355408543744.0,0.0,0.0,0.0,0.0,synthetic,False,,0.0,2.0
apc_like,debate_job_28,debate,14410.482962261623,6027.300136508131,5.470998056131066,1.8902814124563612,11838.015773439996,0.0,20544,14415.953960317756,1088.0,2056.626176752521,0.4342105263157895,21632.0,21120.0,0.0089212846079999,0.246312656386048,0.0001400897536,0.000684443303936,0.256058474051584,0.256058474051584,355408543744.0,355408543744.0,0.0,355408543744.0,0.0,0.0,0.0,0.0,synthetic,False,,0.0,2.0
apc_like,debate_job_29,debate,15021.837608842816,6027.300136508129,5.470998056131066,1.8902814124563612,11838.01577343999,0.0,20544,15027.308606898949,1088.0,2056.626176752521,0.4342105263157895,21632.0,21120.0,0.0089212846079999,0.246312656386048,0.0001400897536,0.000684443303936,0.256058474051584,0.256058474051584,355408543744.0,355408543744.0,0.0,355408543744.0,0.0,0.0,0.0,0.0,synthetic,False,,0.0,2.0
apc_like,debate_job_3,debate,15431.07022768438,6027.300136508129,5.470998056131066,1.8902814124563612,11838.015773439978,0.0,20544,15436.541225740511,1088.0,2056.626176752521,0.4342105263157895,21632.0,21120.0,0.0089212846079999,0.246312656386048,0.0001400897536,0.000684443303936,0.256058474051584,0.256058474051584,355408543744.0,355408543744.0,0.0,355408543744.0,0.0,0.0,0.0,0.0,synthetic,False,,0.0,2.0
apc_like,debate_job_30,debate,16983.70834997414,6027.300136508122,9.792441896133823,1.8902814124563612,11838.015773439962,0.0,20544,16993.500791870272,1088.0,2056.626176752521,0.4342105263157895,21632.0,21120.0,0.0089212846079999,0.246312656386048,0.0001400897536,0.000684443303936,0.256058474051584,0.256058474051584,355408543744.0,355408543744.0,0.0,355408543744.0,0.0,0.0,0.0,0.0,synthetic,False,,0.0,2.0
apc_like,debate_job_31,debate,17101.575851895203,6027.300136508122,5.470998056131066,1.8902814124563612,11838.015773439962,0.0,20544,17107.046849951334,1088.0,2056.626176752521,0.4342105263157895,21632.0,21120.0,0.0089212846079999,0.246312656386048,0.0001400897536,0.000684443303936,0.256058474051584,0.256058474051584,355408543744.0,355408543744.0,0.0,355408543744.0,0.0,0.0,0.0,0.0,synthetic,False,,0.0,2.0
apc_like,debate_job_32,debate,17489.800411949072,6027.300136508122,5.470998056131066,1.8902814124563612,11838.015773439962,0.0,20544,17495.271410005204,1088.0,2056.626176752521,0.4342105263157895,21632.0,21120.0,0.0089212846079999,0.246312656386048,0.0001400897536,0.000684443303936,0.256058474051584,0.256058474051584,355408543744.0,355408543744.0,0.0,355408543744.0,0.0,0.0,0.0,0.0,synthetic,False,,0.0,2.0
apc_like,debate_job_33,debate,18560.272139988498,6027.300136508122,5.470998056131066,1.8902814124563612,11838.015773439962,0.0,20544,18565.74313804463,1088.0,2056.626176752521,0.4342105263157895,21632.0,21120.0,0.0089212846079999,0.246312656386048,0.0001400897536,0.000684443303936,0.256058474051584,0.256058474051584,355408543744.0,355408543744.0,0.0,355408543744.0,0.0,0.0,0.0,0.0,synthetic,False,,0.0,2.0
apc_like,debate_job_34,debate,19069.39674530753,6027.300136508122,5.470998056131066,1.8902814124563612,11838.015773439962,0.0,20544,19074.867743363666,1088.0,2056.626176752521,0.4342105263157895,21632.0,21120.0,0.0089212846079999,0.246312656386048,0.0001400897536,0.000684443303936,0.256058474051584,0.256058474051584,355408543744.0,355408543744.0,0.0,355408543744.0,0.0,0.0,0.0,0.0,synthetic,False,,0.0,2.0
apc_like,debate_job_35,debate,19254.348871447,6027.300136508122,5.470998056131066,1.8902814124563612,11838.015773439962,0.0,20544,19259.81986950313,1088.0,2056.626176752521,0.4342105263157895,21632.0,21120.0,0.0089212846079999,0.246312656386048,0.0001400897536,0.000684443303936,0.256058474051584,0.256058474051584,355408543744.0,355408543744.0,0.0,355408543744.0,0.0,0.0,0.0,0.0,synthetic,False,,0.0,2.0
apc_like,debate_job_36,debate,19297.053667604643,6027.300136508122,5.470998056131066,1.8902814124563612,11838.015773439962,0.0,20544,19302.52466566077,1088.0,2056.626176752521,0.4342105263157895,21632.0,21120.0,0.0089212846079999,0.246312656386048,0.0001400897536,0.000684443303936,0.256058474051584,0.256058474051584,355408543744.0,355408543744.0,0.0,355408543744.0,0.0,0.0,0.0,0.0,synthetic,False,,0.0,2.0
apc_like,debate_job_37,debate,20701.89622542155,6027.300136508122,5.470998056131066,1.8902814124563612,11838.015773439962,0.0,20544,20707.36722347768,1088.0,2056.626176752521,0.4342105263157895,21632.0,21120.0,0.0089212846079999,0.246312656386048,0.0001400897536,0.000684443303936,0.256058474051584,0.256058474051584,355408543744.0,355408543744.0,0.0,355408543744.0,0.0,0.0,0.0,0.0,synthetic,False,,0.0,2.0
apc_like,debate_job_38,debate,21023.216871019828,6027.300136508122,5.470998056131066,1.8902814124563612,11838.015773439962,0.0,20544,21028.68786907596,1088.0,2056.626176752521,0.4342105263157895,21632.0,21120.0,0.0089212846079999,0.246312656386048,0.0001400897536,0.000684443303936,0.256058474051584,0.256058474051584,355408543744.0,355408543744.0,0.0,355408543744.0,0.0,0.0,0.0,0.0,synthetic,False,,0.0,2.0
apc_like,debate_job_39,debate,23826.47889283164,6027.300136508122,5.470998056131066,1.8902814124563612,11838.015773439962,0.0,20544,23831.94989088777,1088.0,2056.626176752521,0.4342105263157895,21632.0,21120.0,0.0089212846079999,0.246312656386048,0.0001400897536,0.000684443303936,0.256058474051584,0.256058474051584,355408543744.0,355408543744.0,0.0,355408543744.0,0.0,0.0,0.0,0.0,synthetic,False,,0.0,2.0
apc_like,debate_job_4,debate,23902.825595943257,6027.300136508122,5.470998056131066,1.8902814124563612,11838.015773439962,0.0,20544,23908.29659399939,1088.0,2056.626176752521,0.4342105263157895,21632.0,21120.0,0.0089212846079999,0.246312656386048,0.0001400897536,0.000684443303936,0.256058474051584,0.256058474051584,355408543744.0,355408543744.0,0.0,355408543744.0,0.0,0.0,0.0,0.0,synthetic,False,,0.0,2.0
apc_like,debate_job_40,debate,24739.025773389643,6027.300136508122,9.792441896133823,1.8902814124563612,11838.015773439962,0.0,20544,24748.818215285777,1088.0,2056.626176752521,0.4342105263157895,21632.0,21120.0,0.0089212846079999,0.246312656386048,0.0001400897536,0.000684443303936,0.256058474051584,0.256058474051584,355408543744.0,355408543744.0,0.0,355408543744.0,0.0,0.0,0.0,0.0,synthetic,False,,0.0,2.0
apc_like,debate_job_41,debate,25578.3611487158,6027.300136508122,5.470998056131066,1.8902814124563612,11838.015773439962,0.0,20544,25583.83214677193,1088.0,2056.626176752521,0.4342105263157895,21632.0,21120.0,0.0089212846079999,0.246312656386048,0.0001400897536,0.000684443303936,0.256058474051584,0.256058474051584,355408543744.0,355408543744.0,0.0,355408543744.0,0.0,0.0,0.0,0.0,synthetic,False,,0.0,2.0
apc_like,debate_job_42,debate,26841.069385845247,6027.300136508118,5.470998056131066,1.890281412456358,11838.015773439962,0.0,20544,26846.540383901374,1088.0,2056.626176752517,0.4342105263157895,21632.0,21120.0,0.0089212846079999,0.246312656386048,0.0001400897536,0.000684443303936,0.256058474051584,0.256058474051584,355408543744.0,355408543744.0,0.0,355408543744.0,0.0,0.0,0.0,0.0,synthetic,False,,0.0,2.0
apc_like,debate_job_43,debate,26850.067018009308,6027.300136508122,5.470998056131066,1.8902814124563612,11838.015773439962,0.0,20544,26855.53801606544,1088.0,2056.626176752521,0.4342105263157895,21632.0,21120.0,0.0089212846079999,0.246312656386048,0.0001400897536,0.000684443303936,0.256058474051584,0.256058474051584,355408543744.0,355408543744.0,0.0,355408543744.0,0.0,0.0,0.0,0.0,synthetic,False,,0.0,2.0
apc_like,debate_job_44,debate,27082.82813411633,6027.300136508118,5.470998056131066,1.8902814124563612,11838.015773439958,0.0,20544,27088.299132172466,1088.0,2056.626176752521,0.4342105263157895,21632.0,21120.0,0.0089212846079999,0.246312656386048,0.0001400897536,0.000684443303936,0.256058474051584,0.256058474051584,355408543744.0,355408543744.0,0.0,355408543744.0,0.0,0.0,0.0,0.0,synthetic,False,,0.0,2.0
apc_like,debate_job_45,debate,27109.35397139055,6027.300136508122,5.470998056131066,1.8902814124563612,11838.015773439962,0.0,20544,27114.82496944668,1088.0,2056.626176752521,0.4342105263157895,21632.0,21120.0,0.0089212846079999,0.246312656386048,0.0001400897536,0.000684443303936,0.256058474051584,0.256058474051584,355408543744.0,355408543744.0,0.0,355408543744.0,0.0,0.0,0.0,0.0,synthetic,False,,0.0,2.0
apc_like,debate_job_46,debate,27806.58747170743,6027.300136508118,5.470998056131066,1.8902814124563612,11838.015773439958,0.0,20544,27812.05846976356,1088.0,2056.626176752521,0.4342105263157895,21632.0,21120.0,0.0089212846079999,0.246312656386048,0.0001400897536,0.000684443303936,0.256058474051584,0.256058474051584,355408543744.0,355408543744.0,0.0,355408543744.0,0.0,0.0,0.0,0.0,synthetic,False,,0.0,2.0
apc_like,debate_job_47,debate,28025.562305816275,6027.300136508122,5.470998056131066,1.8902814124563612,11838.015773439962,0.0,20544,28031.03330387241,1088.0,2056.626176752521,0.4342105263157895,21632.0,21120.0,0.0089212846079999,0.246312656386048,0.0001400897536,0.000684443303936,0.256058474051584,0.256058474051584,355408543744.0,355408543744.0,0.0,355408543744.0,0.0,0.0,0.0,0.0,synthetic,False,,0.0,2.0
apc_like,debate_job_48,debate,29628.85339256201,6027.300136508096,5.470998056131066,1.8902814124563547,11838.015773439936,0.0,20544,29634.32439061814,1088.0,2056.626176752514,0.4342105263157895,21632.0,21120.0,0.0089212846079999,0.246312656386048,0.0001400897536,0.000684443303936,0.256058474051584,0.256058474051584,355408543744.0,355408543744.0,0.0,355408543744.0,0.0,0.0,0.0,0.0,synthetic,False,,0.0,2.0
apc_like,debate_job_49,debate,29863.71843669052,6027.3001365081,5.470998056131066,1.8902814124563547,11838.015773439944,0.0,20544,29869.18943474665,1088.0,2056.626176752514,0.4342105263157895,21632.0,21120.0,0.0089212846079999,0.246312656386048,0.0001400897536,0.000684443303936,0.256058474051584,0.256058474051584,355408543744.0,355408543744.0,0.0,355408543744.0,0.0,0.0,0.0,0.0,synthetic,False,,0.0,2.0
apc_like,debate_job_5,debate,30608.158744632063,6027.300136508111,5.470998056131066,1.8902814124563516,11838.015773439962,0.0,20544,30613.6297426882,1088.0,2056.62617675251,0.4342105263157895,21632.0,21120.0,0.0089212846079999,0.246312656386048,0.0001400897536,0.000684443303936,0.256058474051584,0.256058474051584,355408543744.0,355408543744.0,0.0,355408543744.0,0.0,0.0,0.0,0.0,synthetic,False,,0.0,2.0
apc_like,debate_job_6,debate,31619.83559119012,6030.65557970812,5.470998056131066,1.8902814124563443,11838.015773440013,0.0,20544,31625.30658924625,1088.0,2056.626176752503,0.4342105263157895,21632.0,21120.0,0.0089212846079999,0.246312656386048,0.0001400897536,0.000684443303936,0.256058474051584,0.256058474051584,355408543744.0,355408543744.0,0.0,355408543744.0,0.0,0.0,0.0,0.0,synthetic,False,,0.0,2.0
apc_like,debate_job_7,debate,31756.36144481464,6000.4558728281445,5.470998056131066,1.890281412456348,11811.171509760028,0.0,20544,31761.832442870767,1088.0,2056.6261767525066,0.4342105263157895,21632.0,21120.0,0.0089212846079999,0.246312656386048,0.0001400897536,0.000684443303936,0.256058474051584,0.256058474051584,355408543744.0,355408543744.0,0.0,355408543744.0,0.0,0.0,0.0,0.0,synthetic,False,,0.0,2.0
apc_like,debate_job_8,debate,32163.247271688346,6000.455872828141,5.470998056131066,1.890281412456348,11811.171509760046,0.0,20544,32168.718269744477,1088.0,2056.6261767525066,0.4342105263157895,21632.0,21120.0,0.0089212846079999,0.246312656386048,0.0001400897536,0.000684443303936,0.256058474051584,0.256058474051584,355408543744.0,355408543744.0,0.0,355408543744.0,0.0,0.0,0.0,0.0,synthetic,False,,0.0,2.0
apc_like,debate_job_9,debate,33741.10601277472,6023.273445628132,5.470998056131066,1.890281412456348,11862.510867840045,0.0,20544,33746.57701083085,1088.0,2056.6261767525066,0.4342105263157895,21632.0,21120.0,0.0089212846079999,0.246312656386048,0.0001400897536,0.000684443303936,0.256058474051584,0.256058474051584,355408543744.0,355408543744.0,0.0,355408543744.0,0.0,0.0,0.0,0.0,synthetic,False,,0.0,2.0
apc_like,long_context_swe_stress_job_0,long_context_swe_stress,34115.34904188261,33329.89600822222,23.69616768585547,6.572776216218401,37351.46062752004,0.0,67072,34139.04520956847,1024.0,6730.522845407642,0.4341085271317829,21632.0,21120.0,0.0089212846079999,0.246312656386048,0.0001400897536,0.000684443303936,0.256058474051584,0.256058474051584,355408543744.0,355408543744.0,0.0,355408543744.0,0.0,0.0,0.0,0.0,synthetic,False,,0.0,2.0
apc_like,long_context_swe_stress_job_1,long_context_swe_stress,34338.26437799648,33402.70745578348,17.387031391037453,6.572776216218401,37426.62375008001,0.0,67072,34355.65140938752,1024.0,6730.522845407642,0.4341085271317829,21632.0,21120.0,0.0089212846079999,0.246312656386048,0.0001400897536,0.000684443303936,0.256058474051584,0.256058474051584,355408543744.0,355408543744.0,0.0,355408543744.0,0.0,0.0,0.0,0.0,synthetic,False,,0.0,2.0
apc_like,long_context_swe_stress_job_10,long_context_swe_stress,34493.705855547414,33477.39955769438,23.69616768585547,6.572776216218401,37480.31184639999,0.0,67072,34517.40202323327,1024.0,6730.522845407642,0.4341085271317829,21632.0,21120.0,0.0089212846079999,0.246312656386048,0.0001400897536,0.000684443303936,0.256058474051584,0.256058474051584,355408543744.0,355408543744.0,0.0,355408543744.0,0.0,0.0,0.0,0.0,synthetic,False,,0.0,2.0
apc_like,long_context_swe_stress_job_11,long_context_swe_stress,35265.69410611669,33471.09042139957,17.387031391037453,6.572776216218401,37480.31184640002,0.0,67072,35283.081137507725,1024.0,6730.522845407642,0.4341085271317829,21632.0,21120.0,0.0089212846079999,0.246312656386048,0.0001400897536,0.000684443303936,0.256058474051584,0.256058474051584,355408543744.0,355408543744.0,0.0,355408543744.0,0.0,0.0,0.0,0.0,synthetic,False,,0.0,2.0
apc_like,long_context_swe_stress_job_12,long_context_swe_stress,35372.75349333847,33388.012376247374,13.429570094936937,6.572776216218401,37405.14872384001,0.0,67072,35386.183063433404,1024.0,6730.522845407642,0.4341085271317829,21632.0,21120.0,0.0089212846079999,0.246312656386048,0.0001400897536,0.000684443303936,0.256058474051584,0.256058474051584,355408543744.0,355408543744.0,0.0,355408543744.0,0.0,0.0,0.0,0.0,synthetic,False,,0.0,2.0
apc_like,long_context_swe_stress_job_13,long_context_swe_stress,35835.79327453765,33467.13296010346,13.429570094936937,6.572776216218401,37480.31184639999,0.0,67072,35849.22284463259,1024.0,6730.522845407642,0.4341085271317829,21632.0,21120.0,0.0089212846079999,0.246312656386048,0.0001400897536,0.000684443303936,0.256058474051584,0.256058474051584,355408543744.0,355408543744.0,0.0,355408543744.0,0.0,0.0,0.0,0.0,synthetic,False,,0.0,2.0
apc_like,long_context_swe_stress_job_14,long_context_swe_stress,36241.24811566322,33319.62941063129,13.429570094936937,6.572776216218401,37340.72321952003,0.0,67072,36254.67768575816,1024.0,6730.522845407642,0.4341085271317829,21632.0,21120.0,0.0089212846079999,0.246312656386048,0.0001400897536,0.000684443303936,0.256058474051584,0.256058474051584,355408543744.0,355408543744.0,0.0,355408543744.0,0.0,0.0,0.0,0.0,synthetic,False,,0.0,2.0
apc_like,long_context_swe_stress_job_15,long_context_swe_stress,36644.38458354891,33398.74999448738,13.429570094936937,6.572776216218401,37415.88634208001,0.0,67072,36657.81415364385,1024.0,6730.522845407642,0.4341085271317829,21632.0,21120.0,0.0089212846079999,0.246312656386048,0.0001400897536,0.000684443303936,0.256058474051584,0.256058474051584,355408543744.0,355408543744.0,0.0,355408543744.0,0.0,0.0,0.0,0.0,synthetic,False,,0.0,2.0
apc_like,long_context_swe_stress_job_16,long_context_swe_stress,36713.72026586566,33467.13296010347,13.429570094936937,6.572776216218401,37480.31184640002,0.0,67072,36727.1498359606,1024.0,6730.522845407642,0.4341085271317829,21632.0,21120.0,0.0089212846079999,0.246312656386048,0.0001400897536,0.000684443303936,0.256058474051584,0.256058474051584,355408543744.0,355408543744.0,0.0,355408543744.0,0.0,0.0,0.0,0.0,synthetic,False,,0.0,2.0
apc_like,long_context_swe_stress_job_17,long_context_swe_stress,37251.019442593,33467.13296010347,13.429570094936937,6.572776216218401,37480.31184640002,0.0,67072,37264.44901268793,1024.0,6730.522845407642,0.4341085271317829,21632.0,21120.0,0.0089212846079999,0.246312656386048,0.0001400897536,0.000684443303936,0.256058474051584,0.256058474051584,355408543744.0,355408543744.0,0.0,355408543744.0,0.0,0.0,0.0,0.0,synthetic,False,,0.0,2.0
apc_like,long_context_swe_stress_job_18,long_context_swe_stress,38492.64880226482,33467.13296010352,13.429570094936937,6.572776216218401,37491.049254400044,0.0,67072,38506.07837235976,1024.0,6730.522845407642,0.4341085271317829,21632.0,21120.0,0.0089212846079999,0.246312656386048,0.0001400897536,0.000684443303936,0.256058474051584,0.256058474051584,355408543744.0,355408543744.0,0.0,355408543744.0,0.0,0.0,0.0,0.0,synthetic,False,,0.0,2.0
apc_like,long_context_swe_stress_job_19,long_context_swe_stress,38684.6564527144,33398.74999448744,13.429570094936937,6.572776216218401,37415.88634208006,0.0,67072,38698.08602280934,1024.0,6730.522845407642,0.4341085271317829,21632.0,21120.0,0.0089212846079999,0.246312656386048,0.0001400897536,0.000684443303936,0.256058474051584,0.256058474051584,355408543744.0,355408543744.0,0.0,355408543744.0,0.0,0.0,0.0,0.0,synthetic,False,,0.0,2.0
apc_like,long_context_swe_stress_job_2,long_context_swe_stress,38886.44479138717,33471.090421399625,17.387031391037453,6.572776216218401,37491.04925440006,0.0,67072,38903.83182277821,1024.0,6730.522845407642,0.4341085271317829,21632.0,21120.0,0.0089212846079999,0.246312656386048,0.0001400897536,0.000684443303936,0.256058474051584,0.256058474051584,355408543744.0,355408543744.0,0.0,355408543744.0,0.0,0.0,0.0,0.0,synthetic,False,,0.0,2.0
apc_like,long_context_swe_stress_job_20,long_context_swe_stress,40085.11668827137,33477.39955769444,23.69616768585547,6.572776216218401,37480.31184640007,0.0,67072,40108.81285595723,1024.0,6730.522845407642,0.4341085271317829,21632.0,21120.0,0.0089212846079999,0.246312656386048,0.0001400897536,0.000684443303936,0.256058474051584,0.256058474051584,355408543744.0,355408543744.0,0.0,355408543744.0,0.0,0.0,0.0,0.0,synthetic,False,,0.0,2.0
apc_like,long_context_swe_stress_job_21,long_context_swe_stress,40516.90083436688,33388.01237624739,13.429570094936937,6.572776216218401,37415.886131840016,0.0,67072,40530.33040446181,1024.0,6730.522845407642,0.4341085271317829,21632.0,21120.0,0.0089212846079999,0.246312656386048,0.0001400897536,0.000684443303936,0.256058474051584,0.256058474051584,355408543744.0,355408543744.0,0.0,355408543744.0,0.0,0.0,0.0,0.0,synthetic,False,,0.0,2.0
apc_like,long_context_swe_stress_job_22,long_context_swe_stress,40676.02488814783,33319.62941063131,13.429570094936937,6.572776216218401,37340.723219520034,0.0,67072,40689.45445824276,1024.0,6730.522845407642,0.4341085271317829,21632.0,21120.0,0.0089212846079999,0.246312656386048,0.0001400897536,0.000684443303936,0.256058474051584,0.256058474051584,355408543744.0,355408543744.0,0.0,355408543744.0,0.0,0.0,0.0,0.0,synthetic,False,,0.0,2.0
apc_like,long_context_swe_stress_job_23,long_context_swe_stress,40680.93055164495,33319.629410631314,13.429570094936937,6.572776216218401,37340.72321952006,0.0,67072,40694.36012173989,1024.0,6730.522845407642,0.4341085271317829,21632.0,21120.0,0.0089212846079999,0.246312656386048,0.0001400897536,0.000684443303936,0.256058474051584,0.256058474051584,355408543744.0,355408543744.0,0.0,355408543744.0,0.0,0.0,0.0,0.0,synthetic,False,,0.0,2.0
apc_like,long_context_swe_stress_job_24,long_context_swe_stress,41380.65976347338,33467.13296010352,13.429570094936937,6.572776216218401,37480.31184640004,0.0,67072,41394.08933356832,1024.0,6730.522845407642,0.4341085271317829,21632.0,21120.0,0.0089212846079999,0.246312656386048,0.0001400897536,0.000684443303936,0.256058474051584,0.256058474051584,355408543744.0,355408543744.0,0.0,355408543744.0,0.0,0.0,0.0,0.0,synthetic,False,,0.0,2.0
apc_like,long_context_swe_stress_job_25,long_context_swe_stress,41594.51818837705,33391.96983754349,17.387031391037453,6.572776216218401,37405.148723840015,0.0,67072,41611.90521976809,1024.0,6730.522845407642,0.4341085271317829,21632.0,21120.0,0.0089212846079999,0.246312656386048,0.0001400897536,0.000684443303936,0.256058474051584,0.256058474051584,355408543744.0,355408543744.0,0.0,355408543744.0,0.0,0.0,0.0,0.0,synthetic,False,,0.0,2.0
apc_like,long_context_swe_stress_job_26,long_context_swe_stress,41909.2842039195,33391.96983754349,17.387031391037453,6.572776216218401,37415.886131840016,0.0,67072,41926.67123531054,1024.0,6730.522845407642,0.4341085271317829,21632.0,21120.0,0.0089212846079999,0.246312656386048,0.0001400897536,0.000684443303936,0.256058474051584,0.256058474051584,355408543744.0,355408543744.0,0.0,355408543744.0,0.0,0.0,0.0,0.0,synthetic,False,,0.0,2.0
apc_like,long_context_swe_stress_job_27,long_context_swe_stress,42068.35689520225,33398.74999448744,13.429570094936937,6.572776216218401,37415.88634208009,0.0,67072,42081.786465297184,1024.0,6730.522845407642,0.4341085271317829,21632.0,21120.0,0.0089212846079999,0.246312656386048,0.0001400897536,0.000684443303936,0.256058474051584,0.256058474051584,355408543744.0,355408543744.0,0.0,355408543744.0,0.0,0.0,0.0,0.0,synthetic,False,,0.0,2.0
apc_like,long_context_swe_stress_job_28,long_context_swe_stress,42569.69258462527,33471.090421399684,17.387031391037453,6.572776216218408,37491.0492544001,0.0,67072,42587.07961601631,1024.0,6730.52284540765,0.4341085271317829,21632.0,21120.0,0.0089212846079999,0.246312656386048,0.0001400897536,0.000684443303936,0.256058474051584,0.256058474051584,355408543744.0,355408543744.0,0.0,355408543744.0,0.0,0.0,0.0,0.0,synthetic,False,,0.0,2.0
apc_like,long_context_swe_stress_job_29,long_context_swe_stress,43222.48218730734,33471.090421399684,17.387031391037453,6.572776216218408,37491.0492544001,0.0,67072,43239.869218698375,1024.0,6730.52284540765,0.4341085271317829,21632.0,21120.0,0.0089212846079999,0.246312656386048,0.0001400897536,0.000684443303936,0.256058474051584,0.256058474051584,355408543744.0,355408543744.0,0.0,355408543744.0,0.0,0.0,0.0,0.0,synthetic,False,,0.0,2.0
apc_like,long_context_swe_stress_job_3,long_context_swe_stress,43407.8604917547,33471.09042139968,17.387031391037453,6.572776216218408,37491.04925440009,0.0,67072,43425.247523145736,1024.0,6730.52284540765,0.4341085271317829,21632.0,21120.0,0.0089212846079999,0.246312656386048,0.0001400897536,0.000684443303936,0.256058474051584,0.256058474051584,355408543744.0,355408543744.0,0.0,355408543744.0,0.0,0.0,0.0,0.0,synthetic,False,,0.0,2.0
apc_like,long_context_swe_stress_job_30,long_context_swe_stress,43446.85738076432,33477.399557694494,23.69616768585547,6.572776216218408,37491.04925440009,0.0,67072,43470.553548450174,1024.0,6730.52284540765,0.4341085271317829,21632.0,21120.0,0.0089212846079999,0.246312656386048,0.0001400897536,0.000684443303936,0.256058474051584,0.256058474051584,355408543744.0,355408543744.0,0.0,355408543744.0,0.0,0.0,0.0,0.0,synthetic,False,,0.0,2.0
apc_like,long_context_swe_stress_job_31,long_context_swe_stress,45610.26795618258,33391.969837543555,17.387031391037453,6.572776216218408,37415.88613184008,0.0,67072,45627.65498757362,1024.0,6730.52284540765,0.4341085271317829,21632.0,21120.0,0.0089212846079999,0.246312656386048,0.0001400897536,0.000684443303936,0.256058474051584,0.256058474051584,355408543744.0,355408543744.0,0.0,355408543744.0,0.0,0.0,0.0,0.0,synthetic,False,,0.0,2.0
apc_like,long_context_swe_stress_job_32,long_context_swe_stress,46814.46925599334,33388.01237624745,13.429570094936937,6.572776216218408,37415.88613184006,0.0,67072,46827.89882608828,1024.0,6730.52284540765,0.4341085271317829,21632.0,21120.0,0.0089212846079999,0.246312656386048,0.0001400897536,0.000684443303936,0.256058474051584,0.256058474051584,355408543744.0,355408543744.0,0.0,355408543744.0,0.0,0.0,0.0,0.0,synthetic,False,,0.0,2.0
apc_like,long_context_swe_stress_job_33,long_context_swe_stress,46824.908166680645,33398.74999448746,13.429570094936937,6.572776216218408,37415.88634208009,0.0,67072,46838.33773677558,1024.0,6730.52284540765,0.4341085271317829,21632.0,21120.0,0.0089212846079999,0.246312656386048,0.0001400897536,0.000684443303936,0.256058474051584,0.256058474051584,355408543744.0,355408543744.0,0.0,355408543744.0,0.0,0.0,0.0,0.0,synthetic,False,,0.0,2.0
apc_like,long_context_swe_stress_job_34,long_context_swe_stress,47240.17666882541,33388.012376247454,13.429570094936937,6.572776216218408,37405.14872384009,0.0,67072,47253.60623892035,1024.0,6730.52284540765,0.4341085271317829,21632.0,21120.0,0.0089212846079999,0.246312656386048,0.0001400897536,0.000684443303936,0.256058474051584,0.256058474051584,355408543744.0,355408543744.0,0.0,355408543744.0,0.0,0.0,0.0,0.0,synthetic,False,,0.0,2.0
apc_like,long_context_swe_stress_job_35,long_context_swe_stress,47819.35515463888,33471.090421399684,17.387031391037453,6.572776216218408,37491.0492544001,0.0,67072,47836.74218602992,1024.0,6730.52284540765,0.4341085271317829,21632.0,21120.0,0.0089212846079999,0.246312656386048,0.0001400897536,0.000684443303936,0.256058474051584,0.256058474051584,355408543744.0,355408543744.0,0.0,355408543744.0,0.0,0.0,0.0,0.0,synthetic,False,,0.0,2.0
apc_like,long_context_swe_stress_job_36,long_context_swe_stress,48077.28491484672,33402.70745578355,17.387031391037453,6.572776216218408,37426.62375008006,0.0,67072,48094.67194623775,1024.0,6730.52284540765,0.4341085271317829,21632.0,21120.0,0.0089212846079999,0.246312656386048,0.0001400897536,0.000684443303936,0.256058474051584,0.256058474051584,355408543744.0,355408543744.0,0.0,355408543744.0,0.0,0.0,0.0,0.0,synthetic,False,,0.0,2.0
apc_like,long_context_swe_stress_job_37,long_context_swe_stress,48734.99875361112,33319.62941063133,13.429570094936937,6.572776216218408,37351.46062752005,0.0,67072,48748.42832370605,1024.0,6730.52284540765,0.4341085271317829,21632.0,21120.0,0.0089212846079999,0.246312656386048,0.0001400897536,0.000684443303936,0.256058474051584,0.256058474051584,355408543744.0,355408543744.0,0.0,355408543744.0,0.0,0.0,0.0,0.0,synthetic,False,,0.0,2.0
apc_like,long_context_swe_stress_job_38,long_context_swe_stress,50342.13361130699,33402.70745578355,17.387031391037453,6.572776216218408,37426.62375008006,0.0,67072,50359.52064269803,1024.0,6730.52284540765,0.4341085271317829,21632.0,21120.0,0.0089212846079999,0.246312656386048,0.0001400897536,0.000684443303936,0.256058474051584,0.256058474051584,355408543744.0,355408543744.0,0.0,355408543744.0,0.0,0.0,0.0,0.0,synthetic,False,,0.0,2.0
apc_like,long_context_swe_stress_job_39,long_context_swe_stress,50788.11143775591,33323.58687192743,17.387031391037453,6.572776216218408,37351.46062752005,0.0,67072,50805.49846914695,1024.0,6730.52284540765,0.4341085271317829,21632.0,21120.0,0.0089212846079999,0.246312656386048,0.0001400897536,0.000684443303936,0.256058474051584,0.256058474051584,355408543744.0,355408543744.0,0.0,355408543744.0,0.0,0.0,0.0,0.0,synthetic,False,,0.0,2.0
apc_like,long_context_swe_stress_job_4,long_context_swe_stress,51036.55129258968,33391.96983754355,17.387031391037453,6.572776216218408,37415.88613184006,0.0,67072,51053.93832398072,1024.0,6730.52284540765,0.4341085271317829,21632.0,21120.0,0.0089212846079999,0.246312656386048,0.0001400897536,0.000684443303936,0.256058474051584,0.256058474051584,355408543744.0,355408543744.0,0.0,355408543744.0,0.0,0.0,0.0,0.0,synthetic,False,,0.0,2.0
apc_like,long_context_swe_stress_job_40,long_context_swe_stress,51145.41053694161,33477.3995576945,23.69616768585547,6.572776216218408,37491.0492544001,0.0,67072,51169.10670462746,1024.0,6730.52284540765,0.4341085271317829,21632.0,21120.0,0.0089212846079999,0.246312656386048,0.0001400897536,0.000684443303936,0.256058474051584,0.256058474051584,355408543744.0,355408543744.0,0.0,355408543744.0,0.0,0.0,0.0,0.0,synthetic,False,,0.0,2.0
apc_like,long_context_swe_stress_job_41,long_context_swe_stress,51290.198110932455,33323.58687192743,17.387031391037453,6.572776216218408,37340.72321952006,0.0,67072,51307.58514232349,1024.0,6730.52284540765,0.4341085271317829,21632.0,21120.0,0.0089212846079999,0.246312656386048,0.0001400897536,0.000684443303936,0.256058474051584,0.256058474051584,355408543744.0,355408543744.0,0.0,355408543744.0,0.0,0.0,0.0,0.0,synthetic,False,,0.0,2.0
apc_like,long_context_swe_stress_job_42,long_context_swe_stress,51371.929259776894,33319.62941063133,13.429570094936937,6.572776216218408,37340.72321952006,0.0,67072,51385.35882987183,1024.0,6730.52284540765,0.4341085271317829,21632.0,21120.0,0.0089212846079999,0.246312656386048,0.0001400897536,0.000684443303936,0.256058474051584,0.256058474051584,355408543744.0,355408543744.0,0.0,355408543744.0,0.0,0.0,0.0,0.0,synthetic,False,,0.0,2.0
apc_like,long_context_swe_stress_job_43,long_context_swe_stress,51430.42531247773,33319.62941063133,13.429570094936937,6.572776216218408,37340.72321952006,0.0,67072,51443.85488257267,1024.0,6730.52284540765,0.4341085271317829,21632.0,21120.0,0.0089212846079999,0.246312656386048,0.0001400897536,0.000684443303936,0.256058474051584,0.256058474051584,355408543744.0,355408543744.0,0.0,355408543744.0,0.0,0.0,0.0,0.0,synthetic,False,,0.0,2.0
apc_like,long_context_swe_stress_job_44,long_context_swe_stress,51549.801249547,33319.62941063132,13.429570094936937,6.572776216218408,37340.723219520034,0.0,67072,51563.23081964193,1024.0,6730.52284540765,0.4341085271317829,21632.0,21120.0,0.0089212846079999,0.246312656386048,0.0001400897536,0.000684443303936,0.256058474051584,0.256058474051584,355408543744.0,355408543744.0,0.0,355408543744.0,0.0,0.0,0.0,0.0,synthetic,False,,0.0,2.0
apc_like,long_context_swe_stress_job_45,long_context_swe_stress,52472.45824195357,33467.13296010358,13.429570094936937,6.572776216218408,37480.31184640012,0.0,67072,52485.88781204851,1024.0,6730.52284540765,0.4341085271317829,21632.0,21120.0,0.0089212846079999,0.246312656386048,0.0001400897536,0.000684443303936,0.256058474051584,0.256058474051584,355408543744.0,355408543744.0,0.0,355408543744.0,0.0,0.0,0.0,0.0,synthetic,False,,0.0,2.0
apc_like,long_context_swe_stress_job_46,long_context_swe_stress,52857.44855791896,33391.96983754355,17.387031391037453,6.572776216218408,37405.14872384006,0.0,67072,52874.83558931,1024.0,6730.52284540765,0.4341085271317829,21632.0,21120.0,0.0089212846079999,0.246312656386048,0.0001400897536,0.000684443303936,0.256058474051584,0.256058474051584,355408543744.0,355408543744.0,0.0,355408543744.0,0.0,0.0,0.0,0.0,synthetic,False,,0.0,2.0
apc_like,long_context_swe_stress_job_47,long_context_swe_stress,53674.661765435325,33467.132960103576,13.429570094936937,6.572776216218408,37491.04925440009,0.0,67072,53688.09133553026,1024.0,6730.52284540765,0.4341085271317829,21632.0,21120.0,0.0089212846079999,0.246312656386048,0.0001400897536,0.000684443303936,0.256058474051584,0.256058474051584,355408543744.0,355408543744.0,0.0,355408543744.0,0.0,0.0,0.0,0.0,synthetic,False,,0.0,2.0
apc_like,long_context_swe_stress_job_48,long_context_swe_stress,54938.68845021935,33398.74999448745,13.429570094936937,6.572776216218408,37415.88634208006,0.0,67072,54952.11802031429,1024.0,6730.52284540765,0.4341085271317829,21632.0,21120.0,0.0089212846079999,0.246312656386048,0.0001400897536,0.000684443303936,0.256058474051584,0.256058474051584,355408543744.0,355408543744.0,0.0,355408543744.0,0.0,0.0,0.0,0.0,synthetic,False,,0.0,2.0
apc_like,long_context_swe_stress_job_49,long_context_swe_stress,55771.12328996097,33391.96983754355,17.387031391037453,6.572776216218408,37415.88613184006,0.0,67072,55788.510321352005,1024.0,6730.52284540765,0.4341085271317829,21632.0,21120.0,0.0089212846079999,0.246312656386048,0.0001400897536,0.000684443303936,0.256058474051584,0.256058474051584,355408543744.0,355408543744.0,0.0,355408543744.0,0.0,0.0,0.0,0.0,synthetic,False,,0.0,2.0
apc_like,long_context_swe_stress_job_5,long_context_swe_stress,55796.47683003731,33471.090421399684,17.387031391037453,6.572776216218408,37491.0492544001,0.0,67072,55813.86386142835,1024.0,6730.52284540765,0.4341085271317829,21632.0,21120.0,0.0089212846079999,0.246312656386048,0.0001400897536,0.000684443303936,0.256058474051584,0.256058474051584,355408543744.0,355408543744.0,0.0,355408543744.0,0.0,0.0,0.0,0.0,synthetic,False,,0.0,2.0
apc_like,long_context_swe_stress_job_6,long_context_swe_stress,57098.04543640074,33388.01237624745,13.429570094936937,6.572776216218408,37405.14872384006,0.0,67072,57111.47500649568,1024.0,6730.52284540765,0.4341085271317829,21632.0,21120.0,0.0089212846079999,0.246312656386048,0.0001400897536,0.000684443303936,0.256058474051584,0.256058474051584,355408543744.0,355408543744.0,0.0,355408543744.0,0.0,0.0,0.0,0.0,synthetic,False,,0.0,2.0
apc_like,long_context_swe_stress_job_7,long_context_swe_stress,57146.73732046508,33319.62941063133,13.429570094936937,6.572776216218408,37351.46062752005,0.0,67072,57160.166890560016,1024.0,6730.52284540765,0.4341085271317829,21632.0,21120.0,0.0089212846079999,0.246312656386048,0.0001400897536,0.000684443303936,0.256058474051584,0.256058474051584,355408543744.0,355408543744.0,0.0,355408543744.0,0.0,0.0,0.0,0.0,synthetic,False,,0.0,2.0
apc_like,long_context_swe_stress_job_8,long_context_swe_stress,57883.67921433308,33391.96983754355,17.387031391037453,6.572776216218408,37415.88613184006,0.0,67072,57901.06624572411,1024.0,6730.52284540765,0.4341085271317829,21632.0,21120.0,0.0089212846079999,0.246312656386048,0.0001400897536,0.000684443303936,0.256058474051584,0.256058474051584,355408543744.0,355408543744.0,0.0,355408543744.0,0.0,0.0,0.0,0.0,synthetic,False,,0.0,2.0
apc_like,long_context_swe_stress_job_9,long_context_swe_stress,58796.679346378856,33391.969837543504,17.387031391037453,6.572776216218415,37415.886131840016,0.0,67072,58814.06637776989,1024.0,6730.522845407657,0.4341085271317829,21632.0,21120.0,0.0089212846079999,0.246312656386048,0.0001400897536,0.000684443303936,0.256058474051584,0.256058474051584,355408543744.0,355408543744.0,0.0,355408543744.0,0.0,0.0,0.0,0.0,synthetic,False,,0.0,2.0
