baseline,arrival_rate_jobs_per_s,completed_jobs,jobs_per_s,tokens_per_s,jct_p50_ms,jct_p90_ms,jct_p99_ms,ttft_p50_ms,ttft_p90_ms,ttft_p99_ms,tpot_p50_ms,tpot_p90_ms,tpot_p99_ms,queue_wait_ms,mesh_wait_ms,cross_job_prefix_hit_rate,cross_job_prefix_compute_hits,sram_hit_rate,sram_evictions,sram_reload_bytes,mesh_total_traffic_bytes,mesh_hotspot_ratio,computed_prefill_tokens,avoided_prefill_tokens,compute_energy_j,mesh_energy_j,sram_energy_j,offwafer_energy_j,energy_per_job_j,decode_shared_kv_read_bytes,decode_shared_kv_read_bytes_without_cohort,decode_kv_read_reduction_ratio,shared_attention_cost_model_source,shared_attention_fit_hash,cohort_latency_predicted_ms,cohort_latency_observed_or_fitted_ms,cross_region_kv_transfer_bytes,num_decode_cohorts,avg_cohort_size,candidate_cohorts,accepted_cohorts,rejected_wait_cost,rejected_slo_risk,rejected_low_saving,rejected_critical_path,rejected_queue_pressure,rejected_remote_shared_kv,accepted_avg_size,accepted_avg_wait_ms,replica_bytes_total,saved_mesh_traffic_bytes,replication_transfer_bytes,replication_actual_transfer_bytes,shared_prefill_compute_ms_saved,sram_read_bytes,sram_write_bytes,offwafer_reload_bytes,shared_kv_extraction_overhead_ms,placement_planning_overhead_ms,replication_planning_overhead_ms,decode_cohort_planning_overhead_ms,scheduling_loop_overhead_ms,total_runtime_overhead_ms,overhead_per_job_ms,overhead_fraction_of_jct,cross_job_task_group_size,unique_task_ratio,cross_job_prefix_hit_rate_observed
apc_like,1.0,300,8.904537209782546,325597.3712547687,6521.51237012398,33398.74999448736,33690.6896936114,13.429570094938194,232.09730924088632,236.9863036028681,2.0340753642793494,6.572776216218417,6.572776216218417,20936.8367763374,0.0,0.301255230125523,720.0,0.5723076923076923,1009.0,219009777664.0,312795442370560.0,3.9656304553958046,5570560.0,5079040.0,2.31626244096,62.559088474112,0.03489660928,0.1778921766912,0.21696046567014401,87617332838400.0,87617332838400.0,0.0,analytical,,1683627.180032,0.0,87617332838400.0,0.0,0.0,0.0,0.0,0.0,0.0,0.0,0.0,0.0,0.0,0.0,0.0,0.0,0.0,0.0,0.0,30132.57461759983,446710153216.0,251222032384.0,222365220864.0,255.44414203613997,852.3896727710962,0.22956635802984238,3.605739213526249,184.2062696814537,1707.9486986622214,5.693162328874071,0.0003714104399111465,1,0.0,0.03461538461538462
waferagent_full,1.0,300,4.152186660482834,151826.08930277498,37280.0911798701,54249.79644570727,70196.37413266087,4.77839052148836,13.429570094938194,144.01109532862264,1.7273149337169373,5.187561146980755,5.880168681599583,33010.75605911872,42725.37192769322,0.301255230125523,720.0,0.3961038961038961,2496.0,535352573952.0,6665554746368.0,2.1297665426823342,5570560.0,5079040.0,2.31626244096,1.3331109492736,1.4954109756906,0.43365076828160004,0.018594783780686,72330685238228.0,87617332838400.0,0.17447058823813377,analytical,,662250.2206046229,0.0,72330685238228.0,472.0,2.0,821.0,472.0,0.0,0.0,0.0,0.0,349.0,0.0,2.0,0.0,0.0,0.0,0.0,0.0,30132.574617599927,29660352924628.0,247866589184.0,542063460352.0,260.0840264931321,897.7037444710732,0.26249978691339493,192.1854019165039,339.36323318630457,1919.4912612438202,6.398304204146068,0.00022314127594691142,1,0.0,0.03461538461538462
apc_like,1.0,300,8.904537209782546,325597.3712547687,6521.51237012398,33398.74999448736,33690.6896936114,13.429570094938194,232.09730924088632,236.9863036028681,2.0340753642793494,6.572776216218417,6.572776216218417,20936.8367763374,0.0,0.301255230125523,720.0,0.5723076923076923,1009.0,219009777664.0,312795442370560.0,3.9656304553958046,5570560.0,5079040.0,2.31626244096,62.559088474112,0.03489660928,0.1778921766912,0.21696046567014401,87617332838400.0,87617332838400.0,0.0,analytical,,1683627.180032,0.0,87617332838400.0,0.0,0.0,0.0,0.0,0.0,0.0,0.0,0.0,0.0,0.0,0.0,0.0,0.0,0.0,0.0,0.0,30132.57461759983,446710153216.0,251222032384.0,222365220864.0,259.6595427021384,865.5105289071798,0.21940376609563828,3.5522766411304474,180.50375394523144,1713.1624137982726,5.710541379327576,0.00037254421414790713,1,0.1,0.03461538461538462
waferagent_full,1.0,300,4.152186660482834,151826.08930277498,37280.0911798701,54249.79644570727,70196.37413266087,4.77839052148836,13.429570094938194,144.01109532862264,1.7273149337169373,5.187561146980755,5.880168681599583,33010.75605911872,42725.37192769322,0.301255230125523,720.0,0.3961038961038961,2496.0,535352573952.0,6665554746368.0,2.1297665426823342,5570560.0,5079040.0,2.31626244096,1.3331109492736,1.4954109756906,0.43365076828160004,0.018594783780686,72330685238228.0,87617332838400.0,0.17447058823813377,analytical,,662250.2206046229,0.0,72330685238228.0,472.0,2.0,821.0,472.0,0.0,0.0,0.0,0.0,349.0,0.0,2.0,0.0,0.0,0.0,0.0,0.0,30132.574617599927,29660352924628.0,247866589184.0,542063460352.0,263.6793712154031,903.4307226538658,0.23518316447734833,189.64355066418648,333.9755805209279,1920.2781524509192,6.400927174836397,0.00022323275222061413,1,0.1,0.03461538461538462
apc_like,1.0,300,8.904537209782546,325597.3712547687,6521.51237012398,33398.74999448736,33690.6896936114,13.429570094938194,232.09730924088632,236.9863036028681,2.0340753642793494,6.572776216218417,6.572776216218417,20936.8367763374,0.0,0.301255230125523,720.0,0.5723076923076923,1009.0,219009777664.0,312795442370560.0,3.9656304553958046,5570560.0,5079040.0,2.31626244096,62.559088474112,0.03489660928,0.1778921766912,0.21696046567014401,87617332838400.0,87617332838400.0,0.0,analytical,,1683627.180032,0.0,87617332838400.0,0.0,0.0,0.0,0.0,0.0,0.0,0.0,0.0,0.0,0.0,0.0,0.0,0.0,0.0,0.0,0.0,30132.57461759983,446710153216.0,251222032384.0,222365220864.0,257.7365664765239,792.2742897644639,0.1996094360947609,3.601602278649807,261.5457773208618,1716.5706809610128,5.721902269870043,0.00037328537575729247,1,0.25,0.03461538461538462
waferagent_full,1.0,300,4.152186660482834,151826.08930277498,37280.0911798701,54249.79644570727,70196.37413266087,4.77839052148836,13.429570094938194,144.01109532862264,1.7273149337169373,5.187561146980755,5.880168681599583,33010.75605911872,42725.37192769322,0.301255230125523,720.0,0.3961038961038961,2496.0,535352573952.0,6665554746368.0,2.1297665426823342,5570560.0,5079040.0,2.31626244096,1.3331109492736,1.4954109756906,0.43365076828160004,0.018594783780686,72330685238228.0,87617332838400.0,0.17447058823813377,analytical,,662250.2206046229,0.0,72330685238228.0,472.0,2.0,821.0,472.0,0.0,0.0,0.0,0.0,349.0,0.0,2.0,0.0,0.0,0.0,0.0,0.0,30132.574617599927,29660352924628.0,247866589184.0,542063460352.0,258.98369401693344,798.2324939221144,0.2382323145866394,190.17636682838202,333.5046311840415,1809.5092792063951,6.0316975973546505,0.00021035584665191244,1,0.25,0.03461538461538462
apc_like,1.0,300,8.904537209782546,325597.3712547687,6521.51237012398,33398.74999448736,33690.6896936114,13.429570094938194,232.09730924088632,236.9863036028681,2.0340753642793494,6.572776216218417,6.572776216218417,20936.8367763374,0.0,0.301255230125523,720.0,0.5723076923076923,1009.0,219009777664.0,312795442370560.0,3.9656304553958046,5570560.0,5079040.0,2.31626244096,62.559088474112,0.03489660928,0.1778921766912,0.21696046567014401,87617332838400.0,87617332838400.0,0.0,analytical,,1683627.180032,0.0,87617332838400.0,0.0,0.0,0.0,0.0,0.0,0.0,0.0,0.0,0.0,0.0,0.0,0.0,0.0,0.0,0.0,0.0,30132.57461759983,446710153216.0,251222032384.0,222365220864.0,258.33094492554665,883.6505180224776,0.2098865807056427,3.5624103620648384,187.3706141486764,1734.8902393132448,5.782967464377482,0.00037726914601450795,1,0.5,0.03461538461538462
waferagent_full,1.0,300,4.152186660482834,151826.08930277498,37280.0911798701,54249.79644570727,70196.37413266087,4.77839052148836,13.429570094938194,144.01109532862264,1.7273149337169373,5.187561146980755,5.880168681599583,33010.75605911872,42725.37192769322,0.301255230125523,720.0,0.3961038961038961,2496.0,535352573952.0,6665554746368.0,2.1297665426823342,5570560.0,5079040.0,2.31626244096,1.3331109492736,1.4954109756906,0.43365076828160004,0.018594783780686,72330685238228.0,87617332838400.0,0.17447058823813377,analytical,,662250.2206046229,0.0,72330685238228.0,472.0,2.0,821.0,472.0,0.0,0.0,0.0,0.0,349.0,0.0,2.0,0.0,0.0,0.0,0.0,0.0,30132.574617599927,29660352924628.0,247866589184.0,542063460352.0,260.7839750126004,887.4066900461912,0.2428768202662468,191.93221163004637,341.19408018887043,1910.7256885617971,6.369085628539324,0.00022212227621913743,1,0.5,0.03461538461538462
apc_like,1.0,300,8.904537209782546,325597.3712547687,6521.51237012398,33398.74999448736,33690.6896936114,13.429570094938194,232.09730924088632,236.9863036028681,2.0340753642793494,6.572776216218417,6.572776216218417,20936.8367763374,0.0,0.301255230125523,720.0,0.5723076923076923,1009.0,219009777664.0,312795442370560.0,3.9656304553958046,5570560.0,5079040.0,2.31626244096,62.559088474112,0.03489660928,0.1778921766912,0.21696046567014401,87617332838400.0,87617332838400.0,0.0,analytical,,1683627.180032,0.0,87617332838400.0,0.0,0.0,0.0,0.0,0.0,0.0,0.0,0.0,0.0,0.0,0.0,0.0,0.0,0.0,0.0,0.0,30132.57461759983,446710153216.0,251222032384.0,222365220864.0,257.89446383714676,851.3565836474299,0.19958894699811935,3.6956146359443665,268.12563370913267,1784.6512626856565,5.9488375422855215,0.0003880901757068239,1,0.75,0.03461538461538462
waferagent_full,1.0,300,4.152186660482834,151826.08930277498,37280.0911798701,54249.79644570727,70196.37413266087,4.77839052148836,13.429570094938194,144.01109532862264,1.7273149337169373,5.187561146980755,5.880168681599583,33010.75605911872,42725.37192769322,0.301255230125523,720.0,0.3961038961038961,2496.0,535352573952.0,6665554746368.0,2.1297665426823342,5570560.0,5079040.0,2.31626244096,1.3331109492736,1.4954109756906,0.43365076828160004,0.018594783780686,72330685238228.0,87617332838400.0,0.17447058823813377,analytical,,662250.2206046229,0.0,72330685238228.0,472.0,2.0,821.0,472.0,0.0,0.0,0.0,0.0,349.0,0.0,2.0,0.0,0.0,0.0,0.0,0.0,30132.574617599927,29660352924628.0,247866589184.0,542063460352.0,260.12167427688837,798.0320882052183,0.26095472276210785,190.51890168339014,338.6909458786249,1817.1471245586872,6.05715708186229,0.00021124374783271346,1,0.75,0.03461538461538462
apc_like,1.0,300,8.904537209782546,325597.3712547687,6521.51237012398,33398.74999448736,33690.6896936114,13.429570094938194,232.09730924088632,236.9863036028681,2.0340753642793494,6.572776216218417,6.572776216218417,20936.8367763374,0.0,0.301255230125523,720.0,0.5723076923076923,1009.0,219009777664.0,312795442370560.0,3.9656304553958046,5570560.0,5079040.0,2.31626244096,62.559088474112,0.03489660928,0.1778921766912,0.21696046567014401,87617332838400.0,87617332838400.0,0.0,analytical,,1683627.180032,0.0,87617332838400.0,0.0,0.0,0.0,0.0,0.0,0.0,0.0,0.0,0.0,0.0,0.0,0.0,0.0,0.0,0.0,0.0,30132.57461759983,446710153216.0,251222032384.0,222365220864.0,258.09123553335667,786.5051748231053,0.20198896527290344,3.8057733327150345,250.81501621752977,1702.6614248752594,5.675538082917531,0.00037026066961378073,1,1.0,0.03461538461538462
waferagent_full,1.0,300,4.152186660482834,151826.08930277498,37280.0911798701,54249.79644570727,70196.37413266087,4.77839052148836,13.429570094938194,144.01109532862264,1.7273149337169373,5.187561146980755,5.880168681599583,33010.75605911872,42725.37192769322,0.301255230125523,720.0,0.3961038961038961,2496.0,535352573952.0,6665554746368.0,2.1297665426823342,5570560.0,5079040.0,2.31626244096,1.3331109492736,1.4954109756906,0.43365076828160004,0.018594783780686,72330685238228.0,87617332838400.0,0.17447058823813377,analytical,,662250.2206046229,0.0,72330685238228.0,472.0,2.0,821.0,472.0,0.0,0.0,0.0,0.0,349.0,0.0,2.0,0.0,0.0,0.0,0.0,0.0,30132.574617599927,29660352924628.0,247866589184.0,542063460352.0,262.78694067150354,799.0830047056079,0.2357596531510353,268.09455547481775,414.9392191320658,1950.34312736243,6.501143757874767,0.0002267278120828399,1,1.0,0.03461538461538462
apc_like,1.0,300,8.905679525190012,325639.14039841446,6521.51237012398,33398.74999448736,33686.368249771396,13.429570094938194,227.77586540088632,232.6648597628681,2.0340753642793494,6.572776216218417,6.572776216218417,20939.79368615026,0.0,0.6506024096385542,1620.0,0.6934615384615385,693.0,185832833024.0,312589334272000.0,3.96647834933515,5468160.0,5181440.0,2.2759971225599998,62.5178668544,0.03489660928,0.15135062097920002,0.21660037069073065,87617332838400.0,87617332838400.0,0.0,analytical,,1683627.180032,0.0,87617332838400.0,0.0,0.0,0.0,0.0,0.0,0.0,0.0,0.0,0.0,0.0,0.0,0.0,0.0,0.0,0.0,0.0,30564.719001599817,493308870656.0,204623314944.0,189188276224.0,260.9478598460555,872.1986683085561,0.11390168219804764,3.6287782713770866,179.53798733651638,1723.2482815161347,5.7441609383871155,0.0003749389770876671,2,0.0,0.07307692307692308
waferagent_full,1.0,300,4.06641651738629,148689.87543040214,28588.786798904115,53901.62773071846,71720.31690922382,4.77839052148836,13.429570094938194,144.01109532862264,1.727314933716934,5.187561146980762,5.880168681599583,28466.930105199634,36152.71538202684,0.6506024096385542,1620.0,0.491943359375,1880.0,479803211776.0,6323056270336.0,2.3069568814210255,5468160.0,5181440.0,2.2759971225599998,1.2646112540671999,1.6461106406849502,0.38921127854080007,0.018586434319509834,70262658485123.0,87617332838400.0,0.1980735294155288,analytical,,715593.8926952458,0.0,70262658485123.0,607.0,2.0,1331.0,607.0,0.0,0.0,0.0,0.0,724.0,0.0,2.0,0.0,0.0,0.0,0.0,0.0,30564.71900159989,32704603933571.0,217608880128.0,486514098176.0,263.4132318198681,896.4902963489294,0.15245098620653152,192.74521619081497,337.35454361885786,1916.0063890740275,6.3866879635800915,0.00023512623042192774,2,0.0,0.07307692307692308
apc_like,1.0,300,8.904969917777654,325613.19336684584,6521.51237012398,33398.74999448736,33689.052604331395,13.429570094938194,227.77586540088632,235.34921432286808,2.0340753642793494,6.572776216218417,6.572776216218417,20937.75582778021,0.0,0.5966046887631367,1476.0,0.6803846153846154,727.0,180573175808.0,312572808714240.0,3.9664188232091675,5484544.0,5165056.0,2.282439573504,62.514561742848,0.03489660928,0.1471428952064,0.21659680273612802,87617332838400.0,87617332838400.0,0.0,analytical,,1683627.180032,0.0,87617332838400.0,0.0,0.0,0.0,0.0,0.0,0.0,0.0,0.0,0.0,0.0,0.0,0.0,0.0,0.0,0.0,0.0,30495.575900159816,496421044224.0,201511141376.0,183928619008.0,260.22859290242195,859.4744838774204,0.12129824608564377,3.5747578367590904,178.78209706395864,1704.1490552946925,5.680496850982308,0.0003708304025426746,2,0.1,0.06692307692307692
waferagent_full,1.0,300,4.06665685187031,148698.66334092183,29329.671524024106,53944.57802415849,71715.95689450382,4.77839052148836,13.429570094938194,144.01109532862264,1.727314933716934,5.187561146980762,5.880168681599583,29026.685560017726,36786.07229861331,0.5966046887631367,1476.0,0.4769008662175168,1973.0,487076134912.0,6324985650176.0,2.3061152334513397,5484544.0,5165056.0,2.282439573504,1.2649971300351999,1.6242707319854501,0.39502961704960005,0.0185557901752475,70598954424413.0,87617332838400.0,0.1942352941212605,analytical,,706900.8498360333,0.0,70598954424413.0,585.0,2.0,1264.0,585.0,0.0,0.0,0.0,0.0,679.0,0.0,2.0,0.0,0.0,0.0,0.0,0.0,30495.57590015989,32264156715101.0,221257924608.0,493787021312.0,261.5665914490819,883.363832719624,0.14601834118366241,192.16163083910942,336.9307769462466,1899.1249864920974,6.330416621640325,0.0002306290275139449,2,0.1,0.06692307692307692
apc_like,1.0,300,8.904537209782546,325597.3712547687,6521.51237012398,33398.74999448736,33690.6896936114,13.429570094938194,230.46021996088632,236.9863036028681,2.0340753642793494,6.572776216218417,6.572776216218417,20942.119670135744,0.0,0.5038823048630977,1233.0,0.64,832.0,200605171712.0,312680384223232.0,3.9660998548843014,5512192.0,5137408.0,2.293311209472,62.5360768446464,0.03489660928,0.1631684919296,0.21675817718442664,87617332838400.0,87617332838400.0,0.0,analytical,,1683627.180032,0.0,87617332838400.0,0.0,0.0,0.0,0.0,0.0,0.0,0.0,0.0,0.0,0.0,0.0,0.0,0.0,0.0,0.0,0.0,30378.89691647982,472765169664.0,225167015936.0,203960614912.0,257.01424293220043,846.377489157021,0.153995119035244,3.6410223692655563,252.33716052025557,1761.7205418646336,5.8724018062154455,0.0003832137798126602,2,0.25,0.05653846153846154
waferagent_full,1.0,300,4.102973399868769,150026.5900240015,30811.439702584084,55404.867274078504,71062.99237066375,4.77839052148836,13.429570094938194,144.01109532862264,1.7273149337169365,5.187561146980762,5.880168681599583,30147.669039626773,37930.34156294632,0.5038823048630977,1233.0,0.45076380728554644,2136.0,501840084992.0,6365351631872.0,2.2709746053159887,5512192.0,5137408.0,2.293311209472,1.2730703263744,1.58591667403325,0.4068407771136,0.018530463289977497,71150428225241.0,87617332838400.0,0.18794117647395514,analytical,,692675.8706118672,0.0,71150428225241.0,549.0,2.0,1132.0,549.0,0.0,0.0,0.0,0.0,583.0,0.0,2.0,0.0,0.0,0.0,0.0,0.0,30378.89691647988,31488720502489.0,229612978176.0,508550971392.0,260.6980511918664,798.3759483322501,0.17892569303512573,189.7746678441763,333.9802920818329,1809.8423341289163,6.032807780429721,0.00021453404292705238,2,0.25,0.05653846153846154
apc_like,1.0,300,8.904537209782546,325597.3712547687,6521.51237012398,33398.74999448736,33690.6896936114,13.429570094938194,232.09730924088632,236.9863036028681,2.0340753642793494,6.572776216218417,6.572776216218417,20940.445604605968,0.0,0.39842780306164666,963.0,0.6026923076923076,929.0,210738610176.0,312743600773120.0,3.9658371934492918,5542912.0,5106688.0,2.3053908049919998,62.548720154624,0.03489660928,0.17127524270080002,0.21686760937198932,87617332838400.0,87617332838400.0,0.0,analytical,,1683627.180032,0.0,87617332838400.0,0.0,0.0,0.0,0.0,0.0,0.0,0.0,0.0,0.0,0.0,0.0,0.0,0.0,0.0,0.0,0.0,30249.253601279823,458605199360.0,239326986240.0,214094053376.0,328.89384403824806,792.1189861372113,0.21824613213539124,3.6493148654699326,184.34219248592854,1709.6245009452105,5.698748336484035,0.00037182532493201727,2,0.5,0.045
waferagent_full,1.0,300,4.138516643020608,151326.24055759623,34864.824095544,58685.709832926135,70435.0281498637,4.77839052148836,13.429570094938194,144.01109532862264,1.7273149337169373,5.187561146980755,5.880168681599583,31850.398257487104,40502.00771790994,0.39842780306164666,963.0,0.41779099016693344,2345.0,523054874624.0,6569102531584.0,2.1814178728394173,5542912.0,5106688.0,2.3053908049919998,1.3138205063168,1.53187524803265,0.4238126088192,0.018582997227202167,71827315071117.0,87617332838400.0,0.18021568627757545,analytical,,675289.7848934418,0.0,71827315071117.0,505.0,2.0,957.0,505.0,0.0,0.0,0.0,0.0,452.0,0.0,2.0,0.0,0.0,0.0,0.0,0.0,30249.253601279903,30396466698381.0,241038262272.0,529765761024.0,259.65222902595997,882.0949215441942,0.1974673941731453,187.8292253240943,332.0741755887866,1890.728009864688,6.30242669954896,0.00022065298243032026,2,0.5,0.045
apc_like,1.0,300,8.904537209782546,325597.3712547687,6521.51237012398,33398.74999448736,33690.6896936114,13.429570094938194,232.09730924088632,236.9863036028681,2.0340753642793494,6.572776216218417,6.572776216218417,20938.28994163059,0.0,0.3121604680317593,747.0,0.5753846153846154,1001.0,218288357376.0,312790308542464.0,3.965651775291633,5567488.0,5082112.0,2.315054481408,62.5580617084928,0.03489660928,0.17731504046080002,0.2169510927988053,87617332838400.0,87617332838400.0,0.0,analytical,,1683627.180032,0.0,87617332838400.0,0.0,0.0,0.0,0.0,0.0,0.0,0.0,0.0,0.0,0.0,0.0,0.0,0.0,0.0,0.0,0.0,30145.538949119826,447834226688.0,250097958912.0,221643800576.0,260.5914231389761,859.6801608800888,0.2158619463443756,3.571470268070698,182.9091915860772,1704.550194554031,5.681833981846769,0.0003706750798866022,2,0.75,0.03576923076923077
waferagent_full,1.0,300,4.177421856261242,152748.8226481444,37162.327415070315,53812.264411166136,69759.91585994375,4.77839052148836,13.429570094938194,144.01109532862264,1.7273149337169373,5.187561146980755,5.880168681599583,32564.826163641494,42094.83218963675,0.3121604680317593,747.0,0.39865319865319865,2478.0,534454992896.0,6628762311680.0,2.1414155417116505,5567488.0,5082112.0,2.315054481408,1.325752462336,1.4934030784796,0.4329327034368,0.018557142418867998,72267978715704.0,87617332838400.0,0.17518627451267088,analytical,,663830.7738517524,0.0,72267978715704.0,476.0,2.0,843.0,476.0,0.0,0.0,0.0,0.0,367.0,0.0,2.0,0.0,0.0,0.0,0.0,0.0,30145.538949119924,29621319053880.0,246742515712.0,541165879296.0,260.2133797481656,888.8851953670382,0.30233338475227356,188.40197380632162,335.6054862961173,1909.2829888686538,6.3642766295621795,0.00022354796552128702,2,0.75,0.03576923076923077
apc_like,1.0,300,8.904537209782546,325597.3712547687,6521.51237012398,33398.74999448736,33690.6896936114,13.429570094938194,232.09730924088632,236.9863036028681,2.0340753642793494,6.572776216218417,6.572776216218417,20936.8367763374,0.0,0.301255230125523,720.0,0.5723076923076923,1009.0,219009777664.0,312795442370560.0,3.9656304553958046,5570560.0,5079040.0,2.31626244096,62.559088474112,0.03489660928,0.1778921766912,0.21696046567014401,87617332838400.0,87617332838400.0,0.0,analytical,,1683627.180032,0.0,87617332838400.0,0.0,0.0,0.0,0.0,0.0,0.0,0.0,0.0,0.0,0.0,0.0,0.0,0.0,0.0,0.0,0.0,30132.57461759983,446710153216.0,251222032384.0,222365220864.0,259.06975101679564,860.2974601089954,0.20237360149621964,3.635215573012829,185.04853267222643,1713.3307959884405,5.711102653294802,0.00037258083053068986,2,1.0,0.03461538461538462
waferagent_full,1.0,300,4.152186660482834,151826.08930277498,37280.0911798701,54249.79644570727,70196.37413266087,4.77839052148836,13.429570094938194,144.01109532862264,1.7273149337169373,5.187561146980755,5.880168681599583,33010.75605911872,42725.37192769322,0.301255230125523,720.0,0.3961038961038961,2496.0,535352573952.0,6665554746368.0,2.1297665426823342,5570560.0,5079040.0,2.31626244096,1.3331109492736,1.4954109756906,0.43365076828160004,0.018594783780686,72330685238228.0,87617332838400.0,0.17447058823813377,analytical,,662250.2206046229,0.0,72330685238228.0,472.0,2.0,821.0,472.0,0.0,0.0,0.0,0.0,349.0,0.0,2.0,0.0,0.0,0.0,0.0,0.0,30132.574617599927,29660352924628.0,247866589184.0,542063460352.0,259.8736062645912,882.2799529880285,0.28811395168304443,187.62259930372238,335.488417185843,1893.232119269669,6.310773730898897,0.00022008864499010975,2,1.0,0.03461538461538462
apc_like,1.0,300,8.905679525190012,325639.14039841446,6491.312663243985,33538.864700299186,33686.368249771396,5.470998056130902,232.6648597628681,232.6648597628681,2.0340753642793494,6.572776216218417,6.572776216218417,20909.252937265384,0.0,0.8470588235294118,2160.0,0.8176923076923077,367.0,142824439808.0,312345074784256.0,3.9674458386256055,5406720.0,5242880.0,2.25183793152,62.469014956851204,0.03489660928,0.11694390640640001,0.21624231134685867,87617332838400.0,87617332838400.0,0.0,analytical,,1683627.180032,0.0,87617332838400.0,0.0,0.0,0.0,0.0,0.0,0.0,0.0,0.0,0.0,0.0,0.0,0.0,0.0,0.0,0.0,0.0,30824.005631999808,544370327552.0,153561858048.0,146179883008.0,259.55785531550646,845.7067096605897,0.06336625665426254,3.449244424700737,172.60393220931292,1769.8290012776852,5.89943000425895,0.0003849519272726993,5,0.0,0.09615384615384616
waferagent_full,1.0,300,4.154971754727391,151927.927202192,26338.656142110478,52452.076719518474,70147.94393898394,4.77839052148836,13.429570094938194,144.01109532862264,1.506830874244968,5.187561146980762,5.880168681599583,26025.518458958893,34060.26176330904,0.8470588235294118,2160.0,0.6263326226012793,1201.0,394985996288.0,6171960663040.0,2.3124816921192197,5406720.0,5242880.0,2.25183793152,1.234392132608,1.8271327747888502,0.32135750615040004,0.018782401150224167,67624260075105.0,87617332838400.0,0.22818627451454043,analytical,,771703.532968344,0.0,67624260075105.0,749.0,2.0,1520.0,749.0,0.0,0.0,0.0,0.0,771.0,0.0,2.0,0.0,0.0,0.0,0.0,0.0,30824.005631999724,36365848804961.0,176806690816.0,401696882688.0,258.6341109126806,795.5326847732067,0.06641726940870285,190.2838358655572,325.8782336488366,1796.0232328623533,5.986744109541178,0.0002384959716166523,5,0.0,0.09615384615384616
apc_like,1.0,300,8.905679525190012,325639.14039841446,6491.312663243985,33467.13296010347,33686.368249771396,13.429570094938194,227.77586540088632,232.6648597628681,2.0340753642793494,6.572776216218417,6.572776216218417,20922.47065876099,0.0,0.7923410975128307,2007.0,0.7792307692307693,467.0,157823270912.0,312428574988288.0,3.9671261137926805,5424128.0,5225472.0,2.258683035648,62.4857149976576,0.03489660928,0.1289429712896,0.21636079204625067,87617332838400.0,87617332838400.0,0.0,analytical,,1683627.180032,0.0,87617332838400.0,0.0,0.0,0.0,0.0,0.0,0.0,0.0,0.0,0.0,0.0,0.0,0.0,0.0,0.0,0.0,0.0,30750.54108671981,527089795072.0,170842390528.0,161178714112.0,258.9350864291191,786.0819781199098,0.07806066423654556,3.566727042198181,243.58615465462208,1692.7655590698123,5.642551863566041,0.00036839408589690474,5,0.1,0.08961538461538461
waferagent_full,1.0,300,4.130449538538578,151031.26419317594,25597.773252830484,51869.43758396631,70576.60652042388,4.77839052148836,13.429570094938194,144.01109532862264,1.6122797722518438,5.187561146980762,5.880168681599583,26375.000051537332,34266.55136952354,0.7923410975128307,2007.0,0.5846074112464369,1402.0,418818031616.0,6156349463552.0,2.332271372268034,5424128.0,5225472.0,2.258683035648,1.2312698927104002,1.7772037799742002,0.34042313441280003,0.018691932809151338,68408091606652.0,87617332838400.0,0.21924019608285972,analytical,,753922.3089381369,0.0,68408091606652.0,704.0,2.0,1463.0,704.0,0.0,0.0,0.0,0.0,759.0,0.0,2.0,0.0,0.0,0.0,0.0,0.0,30750.541086719786,35355650686588.0,188424912896.0,425528918016.0,260.60906145721674,799.3013933300972,0.08829310536384583,189.40922804176807,328.3882066607475,1799.6972538530827,5.998990846176942,0.00023497700964899721,5,0.1,0.08961538461538461
apc_like,1.0,300,8.905679525190012,325639.14039841446,6521.51237012398,33398.74999448736,33686.368249771396,13.429570094938194,227.77586540088632,232.6648597628681,2.0340753642793494,6.572776216218417,6.572776216218417,20941.602631619455,0.0,0.684,1710.0,0.7146153846153847,636.0,178887065600.0,312552206292992.0,3.9666008329682296,5457920.0,5191680.0,2.27197059072,62.510441258598405,0.03489660928,0.14579400704,0.21654367488546133,87617332838400.0,87617332838400.0,0.0,analytical,,1683627.180032,0.0,87617332838400.0,0.0,0.0,0.0,0.0,0.0,0.0,0.0,0.0,0.0,0.0,0.0,0.0,0.0,0.0,0.0,0.0,30607.933439999815,501596815360.0,196335370240.0,182242508800.0,258.96093249320984,850.5867393687367,0.0988934189081192,3.4749526530504227,176.7315361648798,1687.6837583258748,5.625612527752916,0.00036724310744473866,5,0.25,0.07692307692307693
waferagent_full,1.0,300,4.067008451868958,148711.51971207242,29318.931849464116,53944.577813918484,71709.57929098383,4.77839052148836,13.429570094938194,144.01109532862264,1.727314933716934,5.187561146980762,5.880168681599583,28743.97933603462,36536.48679604903,0.684,1710.0,0.5125739644970414,1776.0,464041017344.0,6324666883072.0,2.3060298606164498,5457920.0,5191680.0,2.27197059072,1.2649333766144002,1.6752627312061001,0.3766015229952,0.018629227405119,69839604206458.0,87617332838400.0,0.20290196078818057,analytical,,721520.9673719816,0.0,69839604206458.0,622.0,2.0,1355.0,622.0,0.0,0.0,0.0,0.0,733.0,0.0,2.0,0.0,0.0,0.0,0.0,0.0,30607.93343999989,33295447149434.0,209807474688.0,470751903744.0,261.02982088923454,887.7065470442176,0.11153053492307663,189.67615254223347,329.5172629877925,1895.4858276993036,6.318286092331012,0.00023208864031614552,5,0.25,0.07692307692307693
apc_like,1.0,300,8.904537209782546,325597.3712547687,6521.51237012398,33398.74999448736,33690.6896936114,13.429570094938194,227.77586540088632,236.9863036028681,2.0340753642793494,6.572776216218417,6.572776216218417,20941.06881983274,0.0,0.5281173594132029,1296.0,0.6373076923076924,838.0,200336736256.0,312684813408256.0,3.966023071363019,5505024.0,5144576.0,2.2904926371839998,62.536962681651204,0.03489660928,0.16295374356480002,0.2167510189056,87617332838400.0,87617332838400.0,0.0,analytical,,1683627.180032,0.0,87617332838400.0,0.0,0.0,0.0,0.0,0.0,0.0,0.0,0.0,0.0,0.0,0.0,0.0,0.0,0.0,0.0,0.0,30409.14702335982,473973129216.0,223959056384.0,203692179456.0,259.15911607444286,854.4282894581556,0.15764962881803513,3.5551171749830246,180.99839705973864,1700.825379230082,5.66941793076694,0.00036997486864456634,5,0.5,0.05923076923076923
waferagent_full,1.0,300,4.1214994204808235,150704.0001430215,32658.280552504057,57917.42280911853,70734.3304013838,4.77839052148836,13.429570094938194,144.01109532862264,1.7273149337169373,5.187561146980762,5.880168681599583,30876.09142460404,39016.73506917189,0.5281173594132029,1296.0,0.44193097014925375,2192.0,511503761408.0,6474546142208.0,2.222521619514271,5505024.0,5144576.0,2.2904926371839998,1.2949092284416002,1.57099166268025,0.4145717182464,0.018569884155174167,71408126263013.0,87617332838400.0,0.18500000000322991,analytical,,684773.1043762193,0.0,71408126263013.0,529.0,2.0,1167.0,529.0,0.0,0.0,0.0,0.0,638.0,0.0,2.0,0.0,0.0,0.0,0.0,0.0,30409.147023359877,31185858199269.0,233975054336.0,518214647808.0,262.39151507616043,889.3647193908691,0.17116032540798187,190.71013387292624,337.2862935066223,1905.29749635607,6.350991654520233,0.00022416115845718207,5,0.5,0.05923076923076923
apc_like,1.0,300,8.904537209782546,325597.3712547687,6521.51237012398,33398.74999448736,33690.6896936114,13.429570094938194,232.09730924088632,236.9863036028681,2.0340753642793494,6.572776216218417,6.572776216218417,20940.809377228183,0.0,0.36627906976744184,882.0,0.5861538461538461,973.0,216358977536.0,312776886769664.0,3.9657026535675577,5552128.0,5097472.0,2.309014683648,62.555377353932805,0.03489660928,0.17577153658880001,0.2169168672781653,87617332838400.0,87617332838400.0,0.0,analytical,,1683627.180032,0.0,87617332838400.0,0.0,0.0,0.0,0.0,0.0,0.0,0.0,0.0,0.0,0.0,0.0,0.0,0.0,0.0,0.0,0.0,30210.360606719823,451776872448.0,246155313152.0,219714420736.0,258.92528239637613,850.9294800460339,0.18631014972925186,3.6773867905139923,182.43320658802986,1776.6378615051508,5.922126205017169,0.00038636162175060743,5,0.75,0.04153846153846154
waferagent_full,1.0,300,4.178084307610498,152773.04540254708,35965.411293303994,56592.58460572614,69727.03047562372,4.77839052148836,13.429570094938194,144.01109532862264,1.7273149337169373,5.187561146980755,5.880168681599583,32152.980906167588,41150.46551672222,0.36627906976744184,882.0,0.40806159420289856,2413.0,529019174912.0,6589537180672.0,2.1538163525045375,5552128.0,5097472.0,2.309014683648,1.3179074361344,1.514598742085,0.4285840490496,0.018567016369723334,72075564180836.0,87617332838400.0,0.17738235294412563,analytical,,668572.4335931411,0.0,72075564180836.0,488.0,2.0,954.0,488.0,0.0,0.0,0.0,0.0,466.0,0.0,2.0,0.0,0.0,0.0,0.0,0.0,30210.36060671991,30048050898276.0,243923943424.0,535730061312.0,260.19844971597195,798.9878132939339,0.22018980234861374,188.9792215079069,334.8431773483753,1814.0862490981817,6.0469541636606055,0.0002119905468339167,5,0.75,0.04153846153846154
apc_like,1.0,300,8.904537209782546,325597.3712547687,6521.51237012398,33398.74999448736,33690.6896936114,13.429570094938194,232.09730924088632,236.9863036028681,2.0340753642793494,6.572776216218417,6.572776216218417,20936.8367763374,0.0,0.301255230125523,720.0,0.5723076923076923,1009.0,219009777664.0,312795442370560.0,3.9656304553958046,5570560.0,5079040.0,2.31626244096,62.559088474112,0.03489660928,0.1778921766912,0.21696046567014401,87617332838400.0,87617332838400.0,0.0,analytical,,1683627.180032,0.0,87617332838400.0,0.0,0.0,0.0,0.0,0.0,0.0,0.0,0.0,0.0,0.0,0.0,0.0,0.0,0.0,0.0,0.0,30132.57461759983,446710153216.0,251222032384.0,222365220864.0,258.2306731492281,790.0778148323298,0.2147536724805832,3.548193722963333,256.59214798361063,1715.0401659309864,5.716800553103288,0.000372952550034226,5,1.0,0.03461538461538462
waferagent_full,1.0,300,4.152186660482834,151826.08930277498,37280.0911798701,54249.79644570727,70196.37413266087,4.77839052148836,13.429570094938194,144.01109532862264,1.7273149337169373,5.187561146980755,5.880168681599583,33010.75605911872,42725.37192769322,0.301255230125523,720.0,0.3961038961038961,2496.0,535352573952.0,6665554746368.0,2.1297665426823342,5570560.0,5079040.0,2.31626244096,1.3331109492736,1.4954109756906,0.43365076828160004,0.018594783780686,72330685238228.0,87617332838400.0,0.17447058823813377,analytical,,662250.2206046229,0.0,72330685238228.0,472.0,2.0,821.0,472.0,0.0,0.0,0.0,0.0,349.0,0.0,2.0,0.0,0.0,0.0,0.0,0.0,30132.574617599927,29660352924628.0,247866589184.0,542063460352.0,259.546366520226,800.7124690338969,0.23736804723739624,190.0515491142869,410.6843024492264,1892.5320766866207,6.308440255622069,0.00022000726488781257,5,1.0,0.03461538461538462
apc_like,1.0,300,8.905679525190012,325639.14039841446,6491.312663243985,33538.864700299186,33686.368249771396,5.470998056130902,232.6648597628681,232.6648597628681,2.0340753642793494,6.572776216218417,6.572776216218417,20894.334626459946,0.0,0.9105058365758755,2340.0,0.865,239.0,124025569280.0,312243413243904.0,3.967774283429947,5386240.0,5263360.0,2.24378486784,62.4486826487808,0.03489660928,0.10190480998399999,0.21609756311961603,87617332838400.0,87617332838400.0,0.0,analytical,,1683627.180032,0.0,87617332838400.0,0.0,0.0,0.0,0.0,0.0,0.0,0.0,0.0,0.0,0.0,0.0,0.0,0.0,0.0,0.0,0.0,30910.434508799808,565853552640.0,132078632960.0,127381012480.0,259.7063696011901,789.6432671695948,0.041765160858631134,3.4862589091062546,169.47743948549032,1687.51263897866,5.625042129928867,0.0003668039510384008,10,0.0,0.10384615384615385
waferagent_full,1.0,300,4.949917318977942,180995.37674086812,20131.737023390502,43432.64076719842,58552.35998794402,4.77839052148836,144.01109532862264,144.01109532862264,1.3774163176009282,5.187561146980762,5.880168681599587,18772.781565060894,25169.520028244362,0.9105058365758755,2340.0,0.7163726571113561,828.0,335720480768.0,5141210455040.0,2.3250227888185138,5386240.0,5263360.0,2.24378486784,1.028242091008,1.9751588226439503,0.2739450937344,0.018403769584087834,66594756414223.0,87617332838400.0,0.23993627451489197,analytical,,797782.643058276,0.0,66594756414223.0,801.0,2.0,1585.0,801.0,0.0,0.0,0.0,0.0,784.0,0.0,2.0,0.0,0.0,0.0,0.0,0.0,30910.43450879966,39349983693583.0,153192759296.0,342431367168.0,262.4356020241976,799.7375000268221,0.047917477786540985,190.23844692856073,320.82407642155886,1869.521638378501,6.231738794595003,0.000325320691007187,10,0.0,0.10384615384615385
apc_like,1.0,300,8.905679525190012,325639.14039841446,6491.312663243985,33538.864700299186,33686.368249771396,5.470998056130902,232.6648597628681,232.6648597628681,2.0340753642793494,6.572776216218417,6.572776216218417,20914.427080576992,0.0,0.853448275862069,2178.0,0.816923076923077,364.0,142665056256.0,312349998897152.0,3.9673613780671317,5404672.0,5244928.0,2.251032625152,62.4699997794304,0.03489660928,0.1168163995648,0.216242484711424,87617332838400.0,87617332838400.0,0.0,analytical,,1683627.180032,0.0,87617332838400.0,0.0,0.0,0.0,0.0,0.0,0.0,0.0,0.0,0.0,0.0,0.0,0.0,0.0,0.0,0.0,0.0,30832.64851967981,544798146560.0,153134039040.0,146020499456.0,258.8120410218835,857.3906011879444,0.055062584578990936,3.534039482474327,172.2864406183362,1700.1757510006428,5.667252503335476,0.00036976053410553986,10,0.1,0.09692307692307692
waferagent_full,1.0,300,4.490517971073186,164197.28645161472,21227.641157470498,47341.06261679846,64752.72483818397,4.77839052148836,13.429570094938194,144.01109532862264,1.6122797722518436,5.187561146980762,5.880168681599587,21762.011895707667,28714.612632406057,0.853448275862069,2178.0,0.6430474160895046,1139.0,384030474240.0,5646649252864.0,2.336518884506986,5404672.0,5244928.0,2.251032625152,1.1293298505728,1.8673551435159501,0.312593088512,0.0185343690258425,67619106114351.0,87617332838400.0,0.22824509804393844,analytical,,770913.2563447794,0.0,67619106114351.0,747.0,2.0,1524.0,747.0,0.0,0.0,0.0,0.0,777.0,0.0,2.0,0.0,0.0,0.0,0.0,0.0,30832.648519679726,37172477217583.0,174625652736.0,390741360640.0,259.58414003252983,897.2344109788537,0.06070360541343689,193.3670099824667,324.7383749112487,1895.6502918154001,6.3188343060513334,0.00028861529002938407,10,0.1,0.09692307692307692
apc_like,1.0,300,8.905679525190012,325639.14039841446,6519.83464852398,33398.74999448736,33686.368249771396,13.429570094938194,227.77586540088632,232.6648597628681,2.0340753642793494,6.572776216218417,6.572776216218417,20938.873402701833,0.0,0.7467248908296943,1881.0,0.7461538461538462,550.0,168552300544.0,312494995986432.0,3.9667978735914398,5438464.0,5211136.0,2.264320180224,62.4989991972864,0.03489660928,0.1375261949952,0.21645247393928532,87617332838400.0,87617332838400.0,0.0,analytical,,1683627.180032,0.0,87617332838400.0,0.0,0.0,0.0,0.0,0.0,0.0,0.0,0.0,0.0,0.0,0.0,0.0,0.0,0.0,0.0,0.0,30690.040872959813,514481717248.0,183450468352.0,171907743744.0,262.37938180565834,858.0415360629559,0.12657418847084045,3.7798676639795303,185.46056281775236,1717.3071382567286,5.7243571275224285,0.00037375055777027827,10,0.25,0.08423076923076923
waferagent_full,1.0,300,4.0928596252303375,149656.77648308902,27058.062964190474,53171.48310063848,71243.67191050386,4.77839052148836,13.429570094938194,144.01109532862264,1.6122797722518438,5.187561146980762,5.880168681599583,27310.86178662412,34876.632952800355,0.7467248908296943,1881.0,0.5603339236023274,1537.0,434689277952.0,6262717012992.0,2.3139621354579814,5438464.0,5211136.0,2.264320180224,1.2525434025984001,1.7466021379914,0.35312013148160004,0.018721952840984667,69058779152020.0,87617332838400.0,0.2118137254943505,analytical,,738116.7764668417,0.0,69058779152020.0,664.0,2.0,1415.0,664.0,0.0,0.0,0.0,0.0,751.0,0.0,2.0,0.0,0.0,0.0,0.0,0.0,30690.04087295987,34735682223764.0,196360536064.0,441400164352.0,263.01135029643774,893.5230066999793,0.10448135435581207,192.05960910767317,331.6411077976227,1904.2377918958664,6.347459306319554,0.00024249705689282231,10,0.25,0.08423076923076923
apc_like,1.0,300,8.904969917777654,325613.19336684584,6521.51237012398,33398.74999448736,33689.052604331395,13.429570094938194,227.77586540088632,235.34921432286808,2.0340753642793494,6.572776216218417,6.572776216218417,20934.46038389461,0.0,0.5932066316215123,1467.0,0.6642307692307692,764.0,183727292416.0,312603645237248.0,3.9661752570574946,5485568.0,5164032.0,2.282842226688,62.5207290474496,0.03489660928,0.14966618849280003,0.21662711357303466,87617332838400.0,87617332838400.0,0.0,analytical,,1683627.180032,0.0,87617332838400.0,0.0,0.0,0.0,0.0,0.0,0.0,0.0,0.0,0.0,0.0,0.0,0.0,0.0,0.0,0.0,0.0,30491.254456319817,493132709888.0,204799475712.0,187082735616.0,260.6134060770273,861.1463718116283,0.13065431267023087,3.589080646634102,185.75282115489244,1800.455754622817,6.0015191820760565,0.00039176774934572756,10,0.5,0.06653846153846153
waferagent_full,1.0,300,4.183706956297184,152978.63942599198,31192.621155064073,57144.32831631853,69652.03016650381,4.77839052148836,13.429570094938194,144.01109532862264,1.7273149337169365,5.187561146980762,5.880168681599583,30162.334307414367,37872.68016783349,0.5932066316215123,1467.0,0.4690391459074733,2037.0,492771999744.0,6381776526336.0,2.220911227191689,5485568.0,5164032.0,2.282842226688,1.2763553052671999,1.6235942746372,0.39958630891520003,0.018607927051692,70880704279048.0,87617332838400.0,0.19101960784655214,analytical,,695441.838794344,0.0,70880704279048.0,556.0,2.0,1245.0,556.0,0.0,0.0,0.0,0.0,689.0,0.0,2.0,0.0,0.0,0.0,0.0,0.0,30491.254456319886,32246517150216.0,225368342528.0,499482886144.0,264.08091746270657,892.9988285526633,0.15726778656244278,192.34513584524393,336.5233112126589,1914.6782523021102,6.382260841007034,0.00022844853978610304,10,0.5,0.06653846153846153
apc_like,1.0,300,8.904537209782546,325597.3712547687,6521.51237012398,33398.74999448736,33690.6896936114,13.429570094938194,232.09730924088632,236.9863036028681,2.0340753642793494,6.572776216218417,6.572776216218417,20941.07197194945,0.0,0.391304347826087,945.0,0.5919230769230769,958.0,215142629376.0,312768212948992.0,3.965729810330297,5544960.0,5104640.0,2.30619611136,62.55364258979841,0.03489660928,0.17479845806080002,0.21689844589499738,87617332838400.0,87617332838400.0,0.0,analytical,,1683627.180032,0.0,87617332838400.0,0.0,0.0,0.0,0.0,0.0,0.0,0.0,0.0,0.0,0.0,0.0,0.0,0.0,0.0,0.0,0.0,30240.610713599825,453932744704.0,243999440896.0,218498072576.0,260.4756550863385,858.1311265006661,0.189206562936306,3.6068931221961975,185.76290179044008,1792.8345454856753,5.9761151516189175,0.000389890935709515,10,0.75,0.04423076923076923
waferagent_full,1.0,300,4.178876618104996,152802.0164998819,35600.33866802399,56589.73206876614,69734.91555690372,4.77839052148836,13.429570094938194,144.01109532862264,1.7273149337169373,5.187561146980755,5.880168681599583,32006.908764392945,40882.87475355116,0.391304347826087,945.0,0.4152445961319681,2369.0,524044730368.0,6570604092416.0,2.159608892362648,5544960.0,5104640.0,2.30619611136,1.3141208184831998,1.52747290655455,0.42460449341440004,0.0185746477660405,71945426671763.0,87617332838400.0,0.17886764706182068,analytical,,671338.4017756179,0.0,71945426671763.0,495.0,2.0,981.0,495.0,0.0,0.0,0.0,0.0,486.0,0.0,2.0,0.0,0.0,0.0,0.0,0.0,30240.610713599905,30308168210579.0,241289920512.0,530755616768.0,261.6314133629203,800.5470326170325,0.1957947388291359,189.06241096556187,336.5719001740217,1819.268835708499,6.064229452361663,0.00021285055484808008,10,0.75,0.04423076923076923
apc_like,1.0,300,8.904537209782546,325597.3712547687,6521.51237012398,33398.74999448736,33690.6896936114,13.429570094938194,232.09730924088632,236.9863036028681,2.0340753642793494,6.572776216218417,6.572776216218417,20936.8367763374,0.0,0.301255230125523,720.0,0.5723076923076923,1009.0,219009777664.0,312795442370560.0,3.9656304553958046,5570560.0,5079040.0,2.31626244096,62.559088474112,0.03489660928,0.1778921766912,0.21696046567014401,87617332838400.0,87617332838400.0,0.0,analytical,,1683627.180032,0.0,87617332838400.0,0.0,0.0,0.0,0.0,0.0,0.0,0.0,0.0,0.0,0.0,0.0,0.0,0.0,0.0,0.0,0.0,30132.57461759983,446710153216.0,251222032384.0,222365220864.0,256.2353406101465,785.9338093549013,0.19790418446063995,3.5969577729701996,256.9185346364975,1705.471041612327,5.68490347204109,0.00037087164873107704,10,1.0,0.03461538461538462
waferagent_full,1.0,300,4.152186660482834,151826.08930277498,37280.0911798701,54249.79644570727,70196.37413266087,4.77839052148836,13.429570094938194,144.01109532862264,1.7273149337169373,5.187561146980755,5.880168681599583,33010.75605911872,42725.37192769322,0.301255230125523,720.0,0.3961038961038961,2496.0,535352573952.0,6665554746368.0,2.1297665426823342,5570560.0,5079040.0,2.31626244096,1.3331109492736,1.4954109756906,0.43365076828160004,0.018594783780686,72330685238228.0,87617332838400.0,0.17447058823813377,analytical,,662250.2206046229,0.0,72330685238228.0,472.0,2.0,821.0,472.0,0.0,0.0,0.0,0.0,349.0,0.0,2.0,0.0,0.0,0.0,0.0,0.0,30132.574617599927,29660352924628.0,247866589184.0,542063460352.0,260.5206370353699,800.8837746456265,0.25110039860010147,189.69566654413939,334.90532729774714,1891.9373648241162,6.306457882747054,0.0002199381295046517,10,1.0,0.03461538461538462
apc_like,1.0,300,8.905679525190012,325639.14039841446,6491.312663243985,33538.864700299186,33686.368249771396,5.470998056130902,232.6648597628681,232.6648597628681,2.0340753642793494,6.572776216218413,6.572776216218417,20885.487680876908,0.0,0.9418604651162791,2430.0,0.8930769230769231,156.0,111702704128.0,312180238637056.0,3.967945648338305,5376000.0,5273600.0,2.239758336,62.4360477274112,0.03489660928,0.0920465178624,0.216009163968512,87617332838400.0,87617332838400.0,0.0,analytical,,1683627.180032,0.0,87617332838400.0,0.0,0.0,0.0,0.0,0.0,0.0,0.0,0.0,0.0,0.0,0.0,0.0,0.0,0.0,0.0,0.0,30953.648947199807,579518595072.0,118413590528.0,115058147328.0,336.42654307186604,790.362942032516,0.03422331064939499,3.615851514041424,173.03755786269903,1714.03600089252,5.7134533363084,0.0003724664231098324,20,0.0,0.1076923076923077
waferagent_full,1.0,300,6.733510868745653,246213.06941930772,7696.453447710525,30322.247547358515,42498.56777258412,4.77839052148836,144.01109532862264,144.01109532862264,1.377416317600925,5.187561146980762,5.88016868159959,8022.172416660694,10179.790639153125,0.9418604651162791,2430.0,0.7701793721973094,619.0,304716185600.0,3683001949184.0,2.3737904843631736,5376000.0,5273600.0,2.239758336,0.7366003898368,2.07878564607745,0.24914165759999998,0.017680953431714167,66130040952781.0,87617332838400.0,0.2452401960836883,analytical,,810427.0597914596,0.0,66130040952781.0,826.0,2.0,1623.0,826.0,0.0,0.0,0.0,0.0,797.0,0.0,2.0,0.0,0.0,0.0,0.0,0.0,30953.648947199617,41432326445005.0,143386476544.0,311427072000.0,348.6134633421898,811.3032784312963,0.03500934690237045,194.92614269256592,324.7098783031106,1895.7130759954453,6.3190435866514845,0.0006570614292665436,20,0.0,0.1076923076923077
apc_like,1.0,300,8.905679525190012,325639.14039841446,6491.312663243985,33538.864700299186,33686.368249771396,5.470998056130902,232.6648597628681,232.6648597628681,2.0340753642793494,6.572776216218417,6.572776216218417,20911.68913509059,0.0,0.8852459016393442,2268.0,0.8323076923076923,315.0,135484407808.0,312319254648832.0,3.967377181398156,5394432.0,5255168.0,2.2470060933119997,62.4638509297664,0.03489660928,0.1110718808064,0.21618941837721603,87617332838400.0,87617332838400.0,0.0,analytical,,1683627.180032,0.0,87617332838400.0,0.0,0.0,0.0,0.0,0.0,0.0,0.0,0.0,0.0,0.0,0.0,0.0,0.0,0.0,0.0,0.0,30875.862958079808,553320972288.0,144611213312.0,138839851008.0,260.0236115977168,869.2194372415543,0.04626717418432236,3.6483360454440117,179.36830129474401,1721.1745297536254,5.737248432512085,0.0003741819366433974,20,0.1,0.10076923076923076
waferagent_full,1.0,300,4.894140186168192,178955.86728730198,17593.841103710518,42305.21086223841,59243.08167306413,4.77839052148836,144.01109532862264,144.01109532862264,1.4493132935124222,5.187561146980762,5.880168681599587,17649.977934527218,23360.568628602865,0.8852459016393442,2268.0,0.6843105320304017,962.0,357438586880.0,5119374908416.0,2.3619241182641355,5394432.0,5255168.0,2.2470060933119997,1.0238749816832,1.9346894932981,0.291319578624,0.018322967156390996,67047016470506.0,87617332838400.0,0.2347745098088475,analytical,,785533.3646368749,0.0,67047016470506.0,777.0,2.0,1561.0,777.0,0.0,0.0,0.0,0.0,784.0,0.0,2.0,0.0,0.0,0.0,0.0,0.0,30875.86295807968,38529557698538.0,164232167424.0,364149473280.0,259.94965992867947,903.3880336210132,0.06600283086299896,194.31323651224375,330.21967485547066,1909.1470269486308,6.363823423162103,0.0003449785590627554,20,0.1,0.10076923076923076
apc_like,1.0,300,8.905679525190012,325639.14039841446,6518.156926923981,33398.74999448736,33686.368249771396,13.429570094938194,227.77586540088632,232.6648597628681,2.0340753642793494,6.572776216218417,6.572776216218417,20938.22105459331,0.0,0.7793594306049823,1971.0,0.7553846153846154,519.0,165247188992.0,312483251935232.0,3.9667708545717,5428224.0,5221376.0,2.260293648384,62.49665038704641,0.03489660928,0.1348821057536,0.21642240916821337,87617332838400.0,87617332838400.0,0.0,analytical,,1683627.180032,0.0,87617332838400.0,0.0,0.0,0.0,0.0,0.0,0.0,0.0,0.0,0.0,0.0,0.0,0.0,0.0,0.0,0.0,0.0,30733.25531135981,519129006080.0,178803179520.0,168602632192.0,257.4412254616618,867.3976417630911,0.07570628076791763,3.598146140575409,179.95729390531778,1712.0968531817198,5.706989510605733,0.0003726105261055205,20,0.25,0.08807692307692308
waferagent_full,1.0,300,4.542455600572828,166096.4031868123,21947.047538590494,48060.46877743849,63988.860475624104,4.77839052148836,13.429570094938194,144.01109532862264,1.6122797722518438,5.187561146980762,5.880168681599587,22008.970921701923,28215.08998936465,0.7793594306049823,1971.0,0.5982487767190316,1359.0,409917718528.0,5644426271744.0,2.310372862852314,5428224.0,5221376.0,2.260293648384,1.1288852543488,1.8180059692865,0.33330288394240004,0.018468292519872333,68517613272706.0,87617332838400.0,0.21799019608279124,analytical,,749970.9258203132,0.0,68517613272706.0,694.0,2.0,1448.0,694.0,0.0,0.0,0.0,0.0,754.0,0.0,2.0,0.0,0.0,0.0,0.0,0.0,30733.255311359826,36173112147586.0,187007238144.0,416628604928.0,260.5690276250243,907.7997310087085,0.10624807327985764,192.83734541386366,330.0144262611866,1917.7141962572932,6.392380654190977,0.00028908862570915605,20,0.25,0.08807692307692308
apc_like,1.0,300,8.904969917777654,325613.19336684584,6521.51237012398,33398.74999448736,33686.368249771396,13.429570094938194,227.77586540088632,232.6648597628681,2.0340753642793494,6.572776216218417,6.572776216218417,20937.323740192216,0.0,0.6270640354409988,1557.0,0.6634615384615384,762.0,192954761216.0,312647668652032.0,3.9660752721605075,5475328.0,5174272.0,2.278815694848,62.529533730406406,0.03489660928,0.15704816353280002,0.2166676473268907,87617332838400.0,87617332838400.0,0.0,analytical,,1683627.180032,0.0,87617332838400.0,0.0,0.0,0.0,0.0,0.0,0.0,0.0,0.0,0.0,0.0,0.0,0.0,0.0,0.0,0.0,0.0,30534.468894719816,485247418368.0,212684767232.0,196310204416.0,257.49982986599207,855.5502230301499,0.12432225048542023,3.5369833931326866,182.21095018088818,1718.2702301070094,5.727567433690031,0.00037381092389377976,20,0.5,0.07038461538461538
waferagent_full,1.0,300,4.207896853924388,153863.15109602988,31917.39624786407,57187.27796879856,69239.81027722375,4.77839052148836,13.429570094938194,144.01109532862264,1.7273149337169365,5.187561146980762,5.880168681599583,29415.285929046986,37491.45723067542,0.6270640354409988,1557.0,0.4991543851171781,1872.0,471666262016.0,6363313200128.0,2.214399237343929,5475328.0,5174272.0,2.278815694848,1.2726626400256,1.6762183614304502,0.38270171873280007,0.018701328050122833,70269959929537.0,87617332838400.0,0.19799019608207225,analytical,,708481.403083163,0.0,70269959929537.0,589.0,2.0,1273.0,589.0,0.0,0.0,0.0,0.0,684.0,0.0,2.0,0.0,0.0,0.0,0.0,0.0,30534.468894719892,33307697872577.0,216669356032.0,478377148416.0,260.9454579651356,898.4472909942269,0.15122536569833755,192.9017212241888,337.9198955371976,1915.8696979284286,6.386232326428096,0.00023401791862182514,20,0.5,0.07038461538461538
apc_like,1.0,300,8.904537209782546,325597.3712547687,6521.51237012398,33398.74999448736,33690.6896936114,13.429570094938194,232.09730924088632,236.9863036028681,2.0340753642793494,6.572776216218417,6.572776216218417,20940.925416250248,0.0,0.4197276104003302,1017.0,0.5938461538461538,953.0,215528505344.0,312767072098304.0,3.965729685326187,5536768.0,5112832.0,2.302974885888,62.553414419660804,0.03489660928,0.1751071588352,0.21688797691221334,87617332838400.0,87617332838400.0,0.0,analytical,,1683627.180032,0.0,87617332838400.0,0.0,0.0,0.0,0.0,0.0,0.0,0.0,0.0,0.0,0.0,0.0,0.0,0.0,0.0,0.0,0.0,30275.182264319825,454620610560.0,243311575040.0,218883948544.0,260.5928312987089,798.0372179299593,0.1807771623134613,3.750041127204895,283.5782365873456,1762.8611959517002,5.876203986505668,0.0003833725777686911,20,0.75,0.04730769230769231
waferagent_full,1.0,300,4.179042670972574,152808.08827833584,35600.338447543996,56586.879531806146,69732.06301994373,4.77839052148836,13.429570094938194,144.01109532862264,1.7273149337169373,5.187561146980755,5.880168681599583,31982.916322605062,40947.523550181264,0.4197276104003302,1017.0,0.4237714285714286,2320.0,519061897216.0,6570461486080.0,2.1595689482227693,5536768.0,5112832.0,2.302974885888,1.314092297216,1.54499637312205,0.42061822689280004,0.018608939277062832,71832039535145.0,87617332838400.0,0.18016176470892054,analytical,,673709.2316463123,0.0,71832039535145.0,501.0,2.0,1019.0,501.0,0.0,0.0,0.0,0.0,518.0,0.0,2.0,0.0,0.0,0.0,0.0,0.0,30275.182264319898,30660902466089.0,239024996352.0,525772783616.0,270.1823804527521,817.7402708679438,0.24211686104536057,201.04694832116365,353.85927464812994,1866.8665401637554,6.222888467212518,0.0002184351760834579,20,0.75,0.04730769230769231
apc_like,1.0,300,8.904537209782546,325597.3712547687,6521.51237012398,33398.74999448736,33690.6896936114,13.429570094938194,232.09730924088632,236.9863036028681,2.0340753642793494,6.572776216218417,6.572776216218417,20936.8367763374,0.0,0.301255230125523,720.0,0.5723076923076923,1009.0,219009777664.0,312795442370560.0,3.9656304553958046,5570560.0,5079040.0,2.31626244096,62.559088474112,0.03489660928,0.1778921766912,0.21696046567014401,87617332838400.0,87617332838400.0,0.0,analytical,,1683627.180032,0.0,87617332838400.0,0.0,0.0,0.0,0.0,0.0,0.0,0.0,0.0,0.0,0.0,0.0,0.0,0.0,0.0,0.0,0.0,30132.57461759983,446710153216.0,251222032384.0,222365220864.0,259.61410719901323,863.9488071203232,0.20817667245864868,3.7102652713656425,188.36156371980906,1722.068422473967,5.740228074913223,0.00037448091435598893,20,1.0,0.03461538461538462
waferagent_full,1.0,300,4.152186660482834,151826.08930277498,37280.0911798701,54249.79644570727,70196.37413266087,4.77839052148836,13.429570094938194,144.01109532862264,1.7273149337169373,5.187561146980755,5.880168681599583,33010.75605911872,42725.37192769322,0.301255230125523,720.0,0.3961038961038961,2496.0,535352573952.0,6665554746368.0,2.1297665426823342,5570560.0,5079040.0,2.31626244096,1.3331109492736,1.4954109756906,0.43365076828160004,0.018594783780686,72330685238228.0,87617332838400.0,0.17447058823813377,analytical,,662250.2206046229,0.0,72330685238228.0,472.0,2.0,821.0,472.0,0.0,0.0,0.0,0.0,349.0,0.0,2.0,0.0,0.0,0.0,0.0,0.0,30132.574617599927,29660352924628.0,247866589184.0,542063460352.0,261.22057903558016,901.0922890156507,0.24577509611845016,194.22100763767958,341.0844625905156,1926.8909227102995,6.422969742367665,0.00022400148819926388,20,1.0,0.03461538461538462
apc_like,1.0,300,8.905679525190012,325639.14039841446,6518.156926923981,33538.864700299186,33686.368249771396,5.470998056130902,232.6648597628681,232.6648597628681,2.0340753642793494,6.572776216218413,6.572776216218417,20881.435280910868,0.0,0.9605568445475638,2484.0,0.8626923076923076,105.0,103498645504.0,312309926516736.0,3.9658776404366485,5369856.0,5279744.0,2.237342416896,62.4619853033472,0.03489660928,0.0854832709632,0.21606569200162132,87617332838400.0,87617332838400.0,0.0,analytical,,1683627.180032,0.0,87617332838400.0,0.0,0.0,0.0,0.0,0.0,0.0,0.0,0.0,0.0,0.0,0.0,0.0,0.0,0.0,0.0,0.0,30979.577610239805,588527960064.0,109404225536.0,106854088704.0,260.7034342363477,861.9912238791585,0.024992041289806366,3.575271926820278,173.85541554540396,1707.15622138232,5.690520737941067,0.00037063099590935915,50,0.0,0.11
waferagent_full,1.0,300,8.193669786637788,299604.26697167294,4028.6203008305,19237.25777812695,34537.4188923409,4.77839052148836,144.01109532862264,144.01109532862264,1.377416317600925,5.187561146980762,5.88016868159959,4495.349325784674,5408.586181238272,0.9605568445475638,2484.0,0.8228571428571428,419.0,272705257472.0,3140443560960.0,2.256270454252004,5369856.0,5279744.0,2.237342416896,0.628088712192,2.15338922800805,0.2235329150976,0.01747451090731217,65517578616353.0,87617332838400.0,0.2522303921623297,analytical,,825442.3063953373,0.0,65517578616353.0,857.0,2.0,1626.0,857.0,0.0,0.0,0.0,0.0,769.0,0.0,2.0,0.0,0.0,0.0,0.0,0.0,30979.577610239583,42936863555105.0,130921005056.0,279416143872.0,260.36630384624004,896.8006260693073,0.028491951525211334,196.22880592942238,324.4515471160412,1899.9244468286633,6.333081489428878,0.001032103608645477,50,0.0,0.11
apc_like,1.0,300,8.905679525190012,325639.14039841446,6518.156926923981,33538.864700299186,33686.368249771396,5.470998056130902,232.6648597628681,232.6648597628681,2.0340753642793494,6.572776216218417,6.572776216218417,20904.679946266726,0.0,0.9042056074766355,2322.0,0.8434615384615385,259.0,126726701056.0,312306596239360.0,3.9670961910490927,5388288.0,5261312.0,2.244590174208,62.461319247872,0.03489660928,0.1040657154048,0.21614957248921599,87617332838400.0,87617332838400.0,0.0,analytical,,1683627.180032,0.0,87617332838400.0,0.0,0.0,0.0,0.0,0.0,0.0,0.0,0.0,0.0,0.0,0.0,0.0,0.0,0.0,0.0,0.0,30901.791621119806,562883985408.0,135048200192.0,130082144256.0,260.28173975646496,791.2241462618113,0.045715831220149994,3.4879855811595917,257.1710115298629,1721.7369377613068,5.739123125871022,0.00037418899656352014,50,0.1,0.10307692307692308
waferagent_full,1.0,300,6.900143378490633,252306.04268230282,7308.558808990522,28298.936228126546,41422.64447978412,4.77839052148836,144.01109532862264,144.01109532862264,1.377416317600925,5.187561146980762,5.88016868159959,7806.074237718932,9581.018694101489,0.9042056074766355,2322.0,0.7594339622641509,666.0,310101671936.0,3734969375744.0,2.283148682243034,5388288.0,5261312.0,2.244590174208,0.7469938751488,2.0643975056362,0.2534500466688,0.017698105338872668,66340494350292.0,87617332838400.0,0.2428382352992947,analytical,,802919.4411114468,0.0,66340494350292.0,814.0,2.0,1560.0,814.0,0.0,0.0,0.0,0.0,746.0,0.0,2.0,0.0,0.0,0.0,0.0,0.0,30901.79162111964,41141325633492.0,146624479232.0,316812558336.0,258.5974344983697,797.1960846334696,0.04961434751749039,192.87520367652178,323.2986545190215,1801.2306820601225,6.004102273533742,0.000639626245174848,50,0.1,0.10307692307692308
apc_like,1.0,300,8.905679525190012,325639.14039841446,6518.156926923981,33467.13296010347,33686.368249771396,13.429570094938194,227.77586540088632,232.6648597628681,2.0340753642793494,6.572776216218417,6.572776216218417,20937.042933335186,0.0,0.7988165680473372,2025.0,0.7669230769230769,465.0,157865213952.0,312471465940992.0,3.966556229230795,5422080.0,5227520.0,2.25787772928,62.494293188198405,0.03489660928,0.1289765257216,0.2163868135082667,87617332838400.0,87617332838400.0,0.0,analytical,,1683627.180032,0.0,87617332838400.0,0.0,0.0,0.0,0.0,0.0,0.0,0.0,0.0,0.0,0.0,0.0,0.0,0.0,0.0,0.0,0.0,30759.18397439981,527316287488.0,170615898112.0,161220657152.0,259.4706518575549,790.4176274314523,0.07550697773694992,3.6975545808672905,260.2692237123847,1738.845594227314,5.796151980757713,0.0003783203970576966,50,0.25,0.09038461538461538
waferagent_full,1.0,300,5.176510814241846,189280.84342635784,14642.246999390754,40759.02015375873,55899.38214474411,4.77839052148836,13.429570094938194,144.01109532862264,1.6122797722518438,5.187561146980762,5.880168681599587,15447.667435809817,19616.358972932856,0.7988165680473372,2025.0,0.661388229084191,1082.0,369711120384.0,4874880539648.0,2.3432031090732752,5422080.0,5227520.0,2.25787772928,0.9749761079296001,1.9158560617063,0.30113760542720003,0.018166158347810334,67737647211726.0,87617332838400.0,0.22689215686740627,analytical,,767357.0115387378,0.0,67737647211726.0,738.0,2.0,1448.0,738.0,0.0,0.0,0.0,0.0,710.0,0.0,2.0,0.0,0.0,0.0,0.0,0.0,30759.18397439975,38145398039758.0,171723194368.0,376422006784.0,339.29790556430817,804.7592137008905,0.08845049887895584,192.9459385573864,327.5814140215516,1882.7883685007691,6.275961228335897,0.00037967727814155723,50,0.25,0.09038461538461538
apc_like,1.0,300,8.905679525190012,325639.14039841446,6521.51237012398,33398.74999448736,33686.368249771396,13.429570094938194,227.77586540088632,232.6648597628681,2.0340753642793494,6.572776216218417,6.572776216218417,20937.063076474933,0.0,0.6472478907191643,1611.0,0.67,729.0,191050547200.0,312655570720768.0,3.965905060291408,5469184.0,5180416.0,2.2763997757439998,62.5311141441536,0.03489660928,0.15552479232,0.21665978440499198,87617332838400.0,87617332838400.0,0.0,analytical,,1683627.180032,0.0,87617332838400.0,0.0,0.0,0.0,0.0,0.0,0.0,0.0,0.0,0.0,0.0,0.0,0.0,0.0,0.0,0.0,0.0,30560.397557759818,487956938752.0,209975246848.0,194405990400.0,261.7129236459732,862.4898251146078,0.1262091100215912,3.5704215988516808,184.08909440040588,1717.1471528708935,5.723823842902978,0.00037354436900516384,50,0.5,0.0726923076923077
waferagent_full,1.0,300,4.432643842416436,162081.09964590444,30446.368441144088,53145.522058206414,65624.98581546398,4.77839052148836,13.429570094938194,144.01109532862264,1.7273149337169365,5.187561146980762,5.880168681599583,26467.518734775927,33755.00063694897,0.6472478907191643,1611.0,0.5405272234540527,1664.0,442222247936.0,6143917546496.0,2.175802654300921,5469184.0,5180416.0,2.2763997757439998,1.2287835092991999,1.7406321334511001,0.35914650746880006,0.018683206419877,69624426344926.0,87617332838400.0,0.20535784314114913,analytical,,723101.5206191111,0.0,69624426344926.0,626.0,2.0,1262.0,626.0,0.0,0.0,0.0,0.0,636.0,0.0,2.0,0.0,0.0,0.0,0.0,0.0,30560.397557759887,34607591535070.0,205051133952.0,448933134336.0,263.530969619751,905.7666715234518,0.1430995762348175,196.47095818072557,339.66617844998837,1931.6012719646096,6.4386709065486984,0.00025602539316604177,50,0.5,0.0726923076923077
apc_like,1.0,300,8.904537209782546,325597.3712547687,6521.51237012398,33398.74999448736,33690.6896936114,13.429570094938194,232.09730924088632,236.9863036028681,2.0340753642793494,6.572776216218417,6.572776216218417,20939.558181664645,0.0,0.43739703459637563,1062.0,0.6038461538461538,927.0,212307279872.0,312750160664576.0,3.9657793305994993,5531648.0,5117952.0,2.300961619968,62.5500321329152,0.03489660928,0.1725301784576,0.21686140180206934,87617332838400.0,87617332838400.0,0.0,analytical,,1683627.180032,0.0,87617332838400.0,0.0,0.0,0.0,0.0,0.0,0.0,0.0,0.0,0.0,0.0,0.0,0.0,0.0,0.0,0.0,0.0,30296.789483519824,458512924672.0,239419260928.0,215662723072.0,264.2649617046118,864.960172213614,0.18825847655534744,3.6622900515794754,189.837159588933,1735.627735964954,5.785425786549847,0.0003774649427058789,50,0.75,0.04923076923076923
waferagent_full,1.0,300,4.309636555886503,157583.29721150862,35235.265586424,54795.46863757116,67556.72553194374,4.77839052148836,13.429570094938194,144.01109532862264,1.7273149337169373,5.187561146980755,5.880168681599583,30656.0874057794,39839.53670963202,0.43739703459637563,1062.0,0.44098662978331027,2224.0,505463963648.0,6443441183744.0,2.1346199093460156,5531648.0,5117952.0,2.300961619968,1.2886882367488,1.5779280348636502,0.4097398800384,0.018591059238729498,71555443641273.0,87617332838400.0,0.1833186274541282,analytical,,680031.4446348306,0.0,71555443641273.0,517.0,2.0,1018.0,517.0,0.0,0.0,0.0,0.0,501.0,0.0,2.0,0.0,0.0,0.0,0.0,0.0,30296.789483519897,31325558721465.0,233001975808.0,512174850048.0,263.1213665008545,902.5290794670582,0.20812638103961945,192.92337726801634,340.44215735048056,1932.9278636723757,6.443092878907919,0.00023362742651149296,50,0.75,0.04923076923076923
apc_like,1.0,300,8.904537209782546,325597.3712547687,6521.51237012398,33398.74999448736,33690.6896936114,13.429570094938194,232.09730924088632,236.9863036028681,2.0340753642793494,6.572776216218417,6.572776216218417,20936.8367763374,0.0,0.301255230125523,720.0,0.5723076923076923,1009.0,219009777664.0,312795442370560.0,3.9656304553958046,5570560.0,5079040.0,2.31626244096,62.559088474112,0.03489660928,0.1778921766912,0.21696046567014401,87617332838400.0,87617332838400.0,0.0,analytical,,1683627.180032,0.0,87617332838400.0,0.0,0.0,0.0,0.0,0.0,0.0,0.0,0.0,0.0,0.0,0.0,0.0,0.0,0.0,0.0,0.0,30132.57461759983,446710153216.0,251222032384.0,222365220864.0,259.9982339888811,862.9395235329866,0.2099592238664627,3.7902873009443283,279.634565114975,1813.6614942923188,6.04553831430773,0.0003943987392435356,50,1.0,0.03461538461538462
waferagent_full,1.0,300,4.152186660482834,151826.08930277498,37280.0911798701,54249.79644570727,70196.37413266087,4.77839052148836,13.429570094938194,144.01109532862264,1.7273149337169373,5.187561146980755,5.880168681599583,33010.75605911872,42725.37192769322,0.301255230125523,720.0,0.3961038961038961,2496.0,535352573952.0,6665554746368.0,2.1297665426823342,5570560.0,5079040.0,2.31626244096,1.3331109492736,1.4954109756906,0.43365076828160004,0.018594783780686,72330685238228.0,87617332838400.0,0.17447058823813377,analytical,,662250.2206046229,0.0,72330685238228.0,472.0,2.0,821.0,472.0,0.0,0.0,0.0,0.0,349.0,0.0,2.0,0.0,0.0,0.0,0.0,0.0,30132.574617599927,29660352924628.0,247866589184.0,542063460352.0,261.5699525922537,797.4119922146201,0.24888478219509125,193.82624980062246,341.19703713804483,1825.3858862444758,6.0846196208149195,0.0002122015056677755,50,1.0,0.03461538461538462
